file_id,split,cola_mean,cola_min,cola_frac_bad
audio_192.wav,train,0.7142935,0.16691363,0.2857142857142857
audio_436.wav,train,0.4263939,0.06744188,0.6
audio_447.wav,train,0.7415852,0.24355996,0.25
audio_126.wav,train,0.29656544,0.29656544,1.0
audio_61.wav,train,0.5633229,0.14383389,0.6
audio_639.wav,train,0.8034692,0.66572344,0.0
audio_703.wav,train,0.63900673,0.27392623,0.5
audio_509.wav,train,0.93234044,0.8149882,0.0
audio_672.wav,train,0.9573209,0.89717513,0.0
audio_344.wav,train,0.8648984,0.3370742,0.14285714285714285
audio_592.wav,train,0.6696127,0.11660444,0.4
audio_705.wav,train,0.8633988,0.43486524,0.1111111111111111
audio_497.wav,train,0.16103841,0.07237623,1.0
audio_702.wav,train,0.6443228,0.41264477,0.3333333333333333
audio_598.wav,train,0.6609726,0.11170039,0.2
audio_99.wav,train,0.7816114,0.58334184,0.0
audio_194.wav,train,0.93347865,0.88711977,0.0
audio_5055.wav,train,0.39052075,0.087601244,0.5
audio_178.wav,train,0.47784504,0.034608793,0.5555555555555556
audio_609.wav,train,0.73770684,0.56768686,0.0
audio_77.wav,train,0.85515904,0.6146186,0.0
audio_18.wav,train,0.28002116,0.28002116,1.0
audio_9.wav,train,0.865286,0.5750098,0.0
audio_138.wav,train,0.5221015,0.06950019,0.3333333333333333
audio_269.wav,train,0.81344295,0.2998708,0.09090909090909091
audio_717.wav,train,0.6446533,0.24823269,0.3333333333333333
audio_529.wav,train,0.7918442,0.39303645,0.14285714285714285
audio_578.wav,train,0.74318475,0.22465497,0.2
audio_171.wav,train,0.6785942,0.37961385,0.5
audio_596.wav,train,0.8673466,0.5659169,0.0
audio_5066.wav,train,0.62575704,0.07130238,0.3333333333333333
audio_501.wav,train,0.5667397,0.11521671,0.5
audio_8.wav,train,0.1899883,0.1899883,1.0
audio_84.wav,train,0.9259832,0.47864053,0.09090909090909091
audio_11.wav,train,0.7553239,0.54570776,0.0
audio_142.wav,train,0.5814228,0.45098954,0.3333333333333333
audio_610.wav,train,0.9612886,0.9190458,0.0
audio_654.wav,train,0.78476286,0.5278634,0.0
audio_170.wav,train,0.5338746,0.1101802,0.6
audio_255.wav,train,0.76717454,0.16705549,0.16666666666666666
audio_162.wav,train,0.77991897,0.078811504,0.2
audio_5069.wav,train,0.9712811,0.96745694,0.0
audio_769.wav,train,0.84558344,0.65478903,0.0
audio_720.wav,train,0.7830373,0.17981157,0.25
audio_623.wav,train,0.35020906,0.18929772,1.0
audio_718.wav,train,0.54774684,0.19670096,0.2857142857142857
audio_136.wav,train,0.9461149,0.7005506,0.0
audio_119.wav,train,0.29749858,0.07914402,0.6666666666666666
audio_542.wav,train,0.6471428,0.24001664,0.4
audio_5073.wav,train,0.41354465,0.10789431,0.3333333333333333
audio_322.wav,train,0.34500164,0.25048158,1.0
audio_5039.wav,train,0.40422928,0.064211406,0.75
audio_707.wav,train,0.53777266,0.10242779,0.6
audio_148.wav,train,0.5721252,0.07865005,0.5
audio_316.wav,train,0.15579197,0.12552464,1.0
audio_647.wav,train,0.691865,0.28164905,0.16666666666666666
audio_286.wav,train,0.6910037,0.12436263,0.3
audio_92.wav,train,0.5922963,0.27938887,0.3333333333333333
audio_462.wav,train,0.36466923,0.24006572,0.8333333333333334
audio_376.wav,train,0.7662141,0.34224033,0.3333333333333333
audio_76.wav,train,0.82751346,0.6242129,0.0
audio_105.wav,train,0.28244197,0.06563854,1.0
audio_355.wav,train,0.6756783,0.39434403,0.5
audio_663.wav,train,0.56029546,0.15976386,0.5
audio_767.wav,train,0.64969546,0.11824403,0.3333333333333333
audio_655.wav,train,0.6518072,0.17308933,0.5
audio_372.wav,train,0.8824679,0.7103248,0.0
audio_667.wav,train,0.83442295,0.36587384,0.2
audio_517.wav,train,0.36633456,0.26053956,1.0
audio_765.wav,train,0.9585048,0.9192851,0.0
audio_38.wav,train,0.9410844,0.88936543,0.0
audio_371.wav,train,0.8522995,0.081174314,0.1
audio_507.wav,train,0.739222,0.27604836,0.25
audio_5056.wav,train,0.21583715,0.084059656,1.0
audio_282.wav,train,0.9012591,0.742639,0.0
audio_459.wav,train,0.6472124,0.22435924,0.5
audio_303.wav,train,0.96770036,0.9164234,0.0
audio_297.wav,train,0.75849247,0.16282077,0.16666666666666666
audio_432.wav,train,0.6737926,0.09281007,0.3333333333333333
audio_454.wav,train,0.68538177,0.13029158,0.42857142857142855
audio_482.wav,train,0.7452223,0.26838085,0.2727272727272727
audio_484.wav,train,0.11673203,0.11673203,1.0
audio_757.wav,train,0.6151606,0.11063766,0.4
audio_773.wav,train,0.9181399,0.80117315,0.0
audio_668.wav,train,0.80435246,0.19769447,0.16666666666666666
audio_240.wav,train,0.76358277,0.115207896,0.14285714285714285
audio_163.wav,train,0.74869406,0.075330645,0.25
audio_659.wav,train,0.64868957,0.052018505,0.3333333333333333
audio_532.wav,train,0.7498988,0.33354044,0.2
audio_464.wav,train,0.5312037,0.08624601,0.5
audio_5.wav,train,0.12262901,0.12262901,1.0
audio_231.wav,train,0.30041075,0.064684756,0.75
audio_384.wav,train,0.83933175,0.4505263,0.125
audio_54.wav,train,0.9484463,0.92097664,0.0
audio_656.wav,train,0.7793191,0.21237162,0.16666666666666666
audio_444.wav,train,0.2169563,0.051338498,1.0
audio_5062.wav,train,0.6457232,0.08399608,0.4
audio_312.wav,train,0.8676941,0.7120072,0.0
audio_120.wav,train,0.81745476,0.15597783,0.125
audio_446.wav,train,0.35384342,0.1303776,0.8
audio_546.wav,train,0.66918355,0.10069942,0.3333333333333333
audio_430.wav,train,0.8714032,0.6251267,0.0
audio_179.wav,train,0.13004045,0.13004045,1.0
audio_674.wav,train,0.6810864,0.08223962,0.2857142857142857
audio_737.wav,train,0.8224341,0.37170476,0.25
audio_669.wav,train,0.819135,0.37096304,0.21428571428571427
audio_540.wav,train,0.74183506,0.24534024,0.125
audio_692.wav,train,0.7466001,0.3101612,0.14285714285714285
audio_572.wav,train,0.10509635,0.10509635,1.0
audio_479.wav,train,0.19860174,0.067103855,1.0
audio_419.wav,train,0.33171767,0.29367363,1.0
audio_5037.wav,train,0.5859725,0.17343342,0.42857142857142855
audio_433.wav,train,0.6339661,0.1205027,0.3333333333333333
audio_405.wav,train,0.6632639,0.176531,0.375
audio_267.wav,train,0.96449435,0.921163,0.0
audio_358.wav,train,0.6432047,0.06380202,0.3333333333333333
audio_331.wav,train,0.7980162,0.32163873,0.1111111111111111
audio_487.wav,train,0.19374426,0.19374426,1.0
audio_494.wav,train,0.26697436,0.08589081,0.6666666666666666
audio_536.wav,train,0.65726507,0.3519815,0.25
audio_634.wav,train,0.54945606,0.13295293,0.3333333333333333
audio_317.wav,train,0.5051775,0.19416681,0.4
audio_5054.wav,train,0.7776259,0.28259894,0.25
audio_723.wav,train,0.599511,0.32788593,0.25
audio_155.wav,train,0.5980519,0.19485703,0.375
audio_410.wav,train,0.105485365,0.1039135,1.0
audio_251.wav,train,0.94861853,0.94477427,0.0
audio_779.wav,train,0.7487833,0.26230475,0.3333333333333333
audio_382.wav,train,0.58495194,0.2577708,0.3333333333333333
audio_559.wav,train,0.85656685,0.7298871,0.0
audio_161.wav,train,0.95609856,0.9375125,0.0
audio_535.wav,train,0.6616704,0.18083443,0.3333333333333333
audio_363.wav,train,0.863559,0.5131645,0.0
audio_5057.wav,train,0.80886626,0.3381756,0.25
audio_660.wav,train,0.80677164,0.16091211,0.18181818181818182
audio_293.wav,train,0.83509576,0.6325229,0.0
audio_74.wav,train,0.60729253,0.60729253,0.0
audio_215.wav,train,0.6597394,0.33235106,0.5
audio_228.wav,train,0.78438866,0.4953312,0.2
audio_602.wav,train,0.074517004,0.074517004,1.0
audio_396.wav,train,0.8493713,0.26286903,0.18181818181818182
audio_576.wav,train,0.36435223,0.0600273,0.6666666666666666
audio_5040.wav,train,0.9043945,0.63634354,0.0
audio_198.wav,train,0.89606994,0.7782882,0.0
audio_600.wav,train,0.59342986,0.2464293,0.42857142857142855
audio_710.wav,train,0.80905485,0.6704122,0.0
audio_246.wav,train,0.5351611,0.07816915,0.3333333333333333
audio_490.wav,train,0.77687,0.33862814,0.2222222222222222
audio_657.wav,train,0.81151956,0.44355693,0.16666666666666666
audio_688.wav,train,0.9739977,0.9637523,0.0
audio_698.wav,train,0.7849112,0.28993967,0.1111111111111111
audio_499.wav,train,0.2084864,0.2084864,1.0
audio_463.wav,train,0.8045447,0.09845891,0.16666666666666666
audio_604.wav,train,0.482972,0.23146783,0.6
audio_97.wav,train,0.8248888,0.2178892,0.1111111111111111
audio_234.wav,train,0.8855343,0.81005627,0.0
audio_782.wav,train,0.865757,0.5388129,0.0
audio_758.wav,train,0.83967924,0.5186664,0.0
audio_727.wav,train,0.8505112,0.5784338,0.0
audio_643.wav,train,0.9033678,0.8470423,0.0
audio_261.wav,train,0.6297495,0.08063633,0.3333333333333333
audio_205.wav,train,0.8385129,0.26206023,0.2222222222222222
audio_128.wav,train,0.779503,0.20607102,0.25
audio_650.wav,train,0.82080173,0.546069,0.0
audio_35.wav,train,0.69350797,0.18409152,0.3333333333333333
audio_141.wav,train,0.6572035,0.40733454,0.25
audio_260.wav,train,0.42326075,0.059362106,0.5
audio_722.wav,train,0.9284571,0.77660686,0.0
audio_5047.wav,train,0.7851823,0.210109,0.1111111111111111
audio_324.wav,train,0.8038535,0.54355323,0.0
audio_279.wav,train,0.83650005,0.2988844,0.125
audio_450.wav,train,0.8024363,0.31876498,0.14285714285714285
audio_32.wav,train,0.46063423,0.11567202,0.6666666666666666
audio_254.wav,train,0.23461755,0.23461755,1.0
audio_544.wav,train,0.3407655,0.3407655,1.0
audio_176.wav,train,0.5424382,0.2701389,0.5
audio_301.wav,train,0.9593793,0.91279453,0.0
audio_213.wav,train,0.76770854,0.49073833,0.125
audio_295.wav,train,0.9276393,0.7275601,0.0
audio_40.wav,train,0.8833871,0.50755394,0.0
audio_496.wav,train,0.46010628,0.15279521,0.6666666666666666
audio_45.wav,train,0.20555559,0.05724089,1.0
audio_146.wav,train,0.674016,0.07524134,0.3333333333333333
audio_415.wav,train,0.6043953,0.16629589,0.4
audio_595.wav,train,0.9459257,0.88678485,0.0
audio_783.wav,train,0.87655675,0.61557156,0.0
audio_673.wav,train,0.69843936,0.32361093,0.25
audio_48.wav,train,0.8832123,0.83443487,0.0
audio_777.wav,train,0.9681699,0.93222874,0.0
audio_330.wav,train,0.67536956,0.1142021,0.3333333333333333
audio_200.wav,train,0.7805762,0.6757006,0.0
audio_259.wav,train,0.87976134,0.651302,0.0
audio_721.wav,train,0.46796635,0.056920983,0.5
audio_223.wav,train,0.7595431,0.38243467,0.3333333333333333
audio_175.wav,train,0.8487223,0.37467033,0.125
audio_400.wav,train,0.9438513,0.84722316,0.0
audio_506.wav,train,0.36954615,0.10315257,0.5
audio_153.wav,train,0.68204623,0.43369183,0.5
audio_5050.wav,train,0.77981144,0.23814954,0.25
audio_281.wav,train,0.8619046,0.54595214,0.0
audio_543.wav,train,0.6971955,0.25778002,0.2857142857142857
audio_445.wav,train,0.3998225,0.082090676,0.6666666666666666
audio_124.wav,train,0.79867136,0.37481332,0.14285714285714285
audio_249.wav,train,0.33466446,0.22537804,1.0
audio_420.wav,train,0.6268721,0.23761106,0.5
audio_203.wav,train,0.875703,0.41266203,0.1
audio_278.wav,train,0.5089928,0.07208621,0.6
audio_516.wav,train,0.62434447,0.1846767,0.4
audio_326.wav,train,0.90301436,0.7787723,0.0
audio_603.wav,train,0.58452696,0.40062618,0.6666666666666666
audio_199.wav,train,0.5929421,0.2344641,0.5
audio_406.wav,train,0.32909614,0.32788584,1.0
audio_538.wav,train,0.67830217,0.19858709,0.2857142857142857
audio_631.wav,train,0.72073466,0.19718328,0.2857142857142857
audio_5061.wav,train,0.67443883,0.36625165,0.5
audio_196.wav,train,0.9132301,0.85010546,0.0
audio_756.wav,train,0.82847863,0.21430202,0.125
audio_649.wav,train,0.9632845,0.9375845,0.0
audio_27.wav,train,0.61763704,0.61763704,0.0
audio_681.wav,train,0.9535253,0.82753384,0.0
audio_556.wav,train,0.569222,0.05304713,0.5
audio_185.wav,train,0.6455245,0.35152256,0.4
audio_369.wav,train,0.7274595,0.4255983,0.2
audio_241.wav,train,0.8471347,0.1505733,0.14285714285714285
audio_98.wav,train,0.68774796,0.4674295,0.3333333333333333
audio_389.wav,train,0.9187384,0.75894237,0.0
audio_357.wav,train,0.737968,0.13439274,0.2
audio_112.wav,train,0.6454322,0.16210872,0.2
audio_675.wav,train,0.5802128,0.112569414,0.3333333333333333
audio_113.wav,train,0.85571647,0.85571647,0.0
audio_483.wav,train,0.67431957,0.099345535,0.25
audio_474.wav,train,0.3306241,0.08638054,0.75
audio_725.wav,train,0.8487707,0.60997427,0.0
audio_774.wav,train,0.85225207,0.47249943,0.125
audio_588.wav,train,0.088004,0.088004,1.0
audio_395.wav,train,0.5494169,0.18106985,0.6
audio_210.wav,train,0.8393347,0.33595434,0.1111111111111111
audio_309.wav,train,0.95143574,0.8965529,0.0
audio_457.wav,train,0.666455,0.13853748,0.16666666666666666
audio_492.wav,train,0.53023064,0.045249682,0.4444444444444444
audio_738.wav,train,0.85800564,0.53650403,0.0
audio_305.wav,train,0.9553139,0.8791693,0.0
audio_123.wav,train,0.7762955,0.33492598,0.2
audio_5053.wav,train,0.5909095,0.042407904,0.3333333333333333
audio_89.wav,train,0.2626097,0.15951374,1.0
audio_747.wav,train,0.5519601,0.24427827,0.5
audio_115.wav,train,0.059297998,0.059297998,1.0
audio_235.wav,train,0.54303735,0.13989238,0.5
audio_414.wav,train,0.68680406,0.38117766,0.16666666666666666
audio_56.wav,train,0.39411712,0.06342757,0.75
audio_43.wav,train,0.6846491,0.27628347,0.4
audio_394.wav,train,0.80929095,0.46842518,0.14285714285714285
audio_423.wav,train,0.11072905,0.07419928,1.0
audio_579.wav,train,0.64033115,0.12716728,0.2
audio_172.wav,train,0.22882171,0.1761685,1.0
audio_144.wav,train,0.79731834,0.2471474,0.2
audio_151.wav,train,0.5914913,0.12045996,0.375
audio_65.wav,train,0.6006721,0.15387453,0.4
audio_481.wav,train,0.44447002,0.10970273,0.6666666666666666
audio_262.wav,train,0.8854107,0.6978844,0.0
audio_229.wav,train,0.9708928,0.94153935,0.0
audio_22.wav,train,0.816697,0.313056,0.2
audio_434.wav,train,0.51039004,0.1495328,0.6666666666666666
audio_488.wav,train,0.22237636,0.22237636,1.0
audio_439.wav,train,0.65190744,0.28939256,0.5
audio_160.wav,train,0.42281947,0.121670246,0.6666666666666666
audio_594.wav,train,0.7720535,0.10351349,0.2
audio_651.wav,train,0.78885925,0.12535568,0.14285714285714285
audio_569.wav,train,0.45325336,0.32436204,0.6666666666666666
audio_440.wav,train,0.5144665,0.057729226,0.5
audio_658.wav,train,0.5515679,0.15207426,0.5
audio_274.wav,train,0.928705,0.8828532,0.0
audio_5065.wav,train,0.5734364,0.07754648,0.4444444444444444
audio_158.wav,train,0.24004465,0.061857697,1.0
audio_493.wav,train,0.82998306,0.103507675,0.16666666666666666
audio_646.wav,train,0.88887614,0.6973821,0.0
audio_64.wav,train,0.74503684,0.6234718,0.0
audio_451.wav,train,0.40473467,0.15680912,0.75
audio_277.wav,train,0.5211218,0.21547249,0.3333333333333333
audio_491.wav,train,0.15242398,0.10783182,1.0
audio_52.wav,train,0.25148496,0.12415783,1.0
audio_743.wav,train,0.9220273,0.9220273,0.0
audio_243.wav,train,0.3933921,0.18056738,0.75
audio_661.wav,train,0.78636926,0.40864456,0.16666666666666666
audio_456.wav,train,0.6280825,0.52947545,0.0
audio_90.wav,train,0.81753767,0.36830464,0.2
audio_735.wav,train,0.54688746,0.15546642,0.5
audio_775.wav,train,0.9023376,0.83784616,0.0
audio_587.wav,train,0.5353752,0.27238598,0.3333333333333333
audio_103.wav,train,0.22733454,0.07869682,1.0
audio_111.wav,train,0.46513602,0.46513602,1.0
audio_421.wav,train,0.7998621,0.47935307,0.2
audio_683.wav,train,0.7544465,0.111732006,0.25
audio_152.wav,train,0.68690556,0.18292487,0.3333333333333333
audio_134.wav,train,0.56244695,0.19450882,0.6
audio_12.wav,train,0.79529244,0.48366427,0.2
audio_232.wav,train,0.79880613,0.3587166,0.2
audio_36.wav,train,0.8869707,0.565059,0.0
audio_268.wav,train,0.9718002,0.9656743,0.0
audio_68.wav,train,0.6809211,0.110832095,0.4
audio_729.wav,train,0.8247504,0.37485254,0.25
audio_247.wav,train,0.8492457,0.58503526,0.0
audio_224.wav,train,0.96938103,0.94817406,0.0
audio_425.wav,train,0.17450228,0.17450228,1.0
audio_392.wav,train,0.82369596,0.5678955,0.0
audio_615.wav,train,0.68933976,0.3008939,0.3
audio_245.wav,train,0.86810344,0.7269227,0.0
audio_271.wav,train,0.7158389,0.34363076,0.42857142857142855
audio_321.wav,train,0.56577593,0.11150687,0.6666666666666666
audio_5043.wav,train,0.531706,0.101332664,0.5
audio_187.wav,train,0.3285493,0.20907478,1.0
audio_221.wav,train,0.89935565,0.72363573,0.0
audio_219.wav,train,0.7931456,0.06295624,0.1111111111111111
audio_601.wav,train,0.31525975,0.12080118,0.5
audio_100.wav,train,0.13742289,0.13742289,1.0
audio_227.wav,train,0.7615957,0.39863715,0.2
audio_411.wav,train,0.084991485,0.084991485,1.0
audio_28.wav,train,0.7821858,0.22991088,0.2
audio_653.wav,train,0.7127211,0.2638684,0.2
audio_29.wav,train,0.83426833,0.4401412,0.1111111111111111
audio_470.wav,train,0.38265485,0.08305117,0.75
audio_356.wav,train,0.50290114,0.14133099,0.5
audio_365.wav,train,0.90279627,0.64443487,0.0
audio_58.wav,train,0.88304067,0.20045897,0.1111111111111111
audio_708.wav,train,0.9042869,0.8256349,0.0
audio_319.wav,train,0.84037745,0.6539544,0.0
audio_5067.wav,train,0.75619984,0.13607617,0.2
audio_135.wav,train,0.8779434,0.5742086,0.0
audio_612.wav,train,0.8395209,0.63831216,0.0
audio_373.wav,train,0.76370907,0.3634383,0.2222222222222222
audio_680.wav,train,0.7434551,0.049162734,0.16666666666666666
audio_63.wav,train,0.44134507,0.28023928,0.5
audio_700.wav,train,0.87734336,0.71371275,0.0
audio_429.wav,train,0.46395716,0.09673474,0.6666666666666666
audio_745.wav,train,0.919859,0.7051038,0.0
audio_731.wav,train,0.6799373,0.51224655,0.0
audio_461.wav,train,0.9721909,0.9536123,0.0
audio_79.wav,train,0.84520954,0.48573795,0.14285714285714285
audio_5038.wav,train,0.3912503,0.06920663,0.6551724137931034
audio_760.wav,train,0.7118971,0.20296317,0.3333333333333333
audio_72.wav,train,0.40705255,0.07610139,0.75
audio_696.wav,train,0.889505,0.74249357,0.0
audio_744.wav,train,0.7257509,0.6035174,0.0
audio_662.wav,train,0.97080344,0.94438785,0.0
audio_570.wav,train,0.671568,0.3154107,0.3333333333333333
audio_10.wav,train,0.46911818,0.44079426,1.0
audio_628.wav,train,0.3900778,0.097025625,0.7142857142857143
audio_606.wav,train,0.65208954,0.23492388,0.5
audio_73.wav,train,0.85403985,0.65648186,0.0
audio_605.wav,train,0.82800025,0.23057112,0.2
audio_106.wav,train,0.8602973,0.56764126,0.0
audio_306.wav,train,0.8060132,0.2536019,0.125
audio_75.wav,train,0.33300763,0.2660804,1.0
audio_550.wav,train,0.8653347,0.57949215,0.0
audio_340.wav,train,0.9351974,0.88925016,0.0
audio_272.wav,train,0.95181274,0.86531305,0.0
audio_518.wav,train,0.43601352,0.09592409,0.625
audio_34.wav,train,0.77729464,0.13701318,0.16666666666666666
audio_87.wav,train,0.32729208,0.32729208,1.0
audio_211.wav,train,0.8483098,0.31167614,0.1111111111111111
audio_431.wav,train,0.5801179,0.066263735,0.5714285714285714
audio_555.wav,train,0.7854536,0.44862527,0.3333333333333333
audio_648.wav,train,0.96215075,0.9145993,0.0
audio_5051.wav,train,0.49462417,0.11896632,0.5
audio_422.wav,train,0.4815733,0.15129319,0.5714285714285714
audio_627.wav,train,0.7273234,0.10359976,0.25
audio_122.wav,train,0.8185624,0.3782311,0.2857142857142857
audio_88.wav,train,0.48566237,0.17916462,0.75
audio_165.wav,train,0.7646591,0.120156884,0.2222222222222222
audio_276.wav,train,0.5547628,0.3822158,0.6
audio_746.wav,train,0.8709307,0.7089856,0.0
audio_252.wav,train,0.60645235,0.1690898,0.3333333333333333
audio_266.wav,train,0.8733816,0.7290293,0.0
audio_611.wav,train,0.52887434,0.21959598,0.6666666666666666
audio_5058.wav,train,0.48193285,0.21611306,0.6666666666666666
audio_81.wav,train,0.52633554,0.3361692,0.6666666666666666
audio_3.wav,train,0.5437951,0.10893741,0.5
audio_21.wav,train,0.24533407,0.10671163,1.0
audio_190.wav,train,0.5939324,0.06640458,0.4
audio_189.wav,train,0.83118695,0.32969752,0.2
audio_519.wav,train,0.108434364,0.108434364,1.0
audio_748.wav,train,0.7274428,0.32507288,0.2857142857142857
audio_505.wav,train,0.69013584,0.27333647,0.2
audio_361.wav,train,0.9631734,0.93277884,0.0
audio_5052.wav,train,0.78719705,0.54090214,0.0
audio_16.wav,train,0.89555264,0.8105117,0.0
audio_327.wav,train,0.96566576,0.9547717,0.0
audio_313.wav,train,0.68108135,0.13053085,0.3333333333333333
audio_589.wav,train,0.15176834,0.15176834,1.0
audio_416.wav,train,0.5638759,0.055033382,0.5555555555555556
audio_762.wav,train,0.8195527,0.5465224,0.0
audio_714.wav,train,0.75823677,0.10853832,0.2222222222222222
audio_455.wav,train,0.5488371,0.04254204,0.5
audio_42.wav,train,0.7839898,0.29464942,0.2
audio_561.wav,train,0.649447,0.42284763,0.16666666666666666
audio_226.wav,train,0.15025729,0.15025729,1.0
audio_110.wav,train,0.87120336,0.40030968,0.16666666666666666
audio_739.wav,train,0.65531296,0.24683236,0.3333333333333333
audio_504.wav,train,0.41742882,0.09524605,0.8
audio_379.wav,train,0.6838824,0.17853151,0.25
audio_520.wav,train,0.18947728,0.08984265,1.0
audio_5068.wav,train,0.96322024,0.9472519,0.0
audio_30.wav,train,0.82419515,0.5613612,0.0
audio_5041.wav,train,0.5226078,0.2722205,0.75
audio_485.wav,train,0.85493934,0.12932998,0.1
audio_475.wav,train,0.81084186,0.4067566,0.25
audio_145.wav,train,0.5711056,0.13997093,0.2857142857142857
audio_308.wav,train,0.94487315,0.83848774,0.0
audio_184.wav,train,0.78877324,0.11960548,0.1
audio_586.wav,train,0.77658325,0.23421863,0.2
audio_398.wav,train,0.79702085,0.4352047,0.3333333333333333
audio_726.wav,train,0.8852327,0.53463703,0.0
audio_466.wav,train,0.5743121,0.13891017,0.5714285714285714
audio_218.wav,train,0.82182133,0.041037273,0.125
audio_644.wav,train,0.8524333,0.5393583,0.0
audio_351.wav,train,0.7814769,0.56951225,0.0
audio_248.wav,train,0.9747904,0.9527891,0.0
audio_83.wav,train,0.82775176,0.20038173,0.2
audio_71.wav,train,0.059534173,0.059534173,1.0
audio_287.wav,train,0.8412587,0.5803521,0.0
audio_367.wav,train,0.642789,0.12184791,0.3333333333333333
audio_166.wav,train,0.60336286,0.2518942,0.4
audio_94.wav,train,0.7076697,0.167318,0.3333333333333333
audio_108.wav,train,0.36267263,0.12441516,0.75
audio_511.wav,train,0.7950117,0.33222067,0.09090909090909091
audio_5059.wav,train,0.59414405,0.20745502,0.42857142857142855
audio_310.wav,train,0.9264017,0.66508466,0.0
audio_50.wav,train,0.69295996,0.15288743,0.16666666666666666
audio_6.wav,train,0.8689647,0.65935653,0.0
audio_515.wav,train,0.31375504,0.06331367,0.8
audio_742.wav,train,0.7523859,0.67510676,0.0
audio_545.wav,train,0.27437177,0.15217292,0.6666666666666666
audio_489.wav,train,0.1947601,0.1947601,1.0
audio_697.wav,train,0.7590307,0.30611143,0.2
audio_225.wav,train,0.540747,0.09537554,0.5
audio_553.wav,train,0.7423872,0.273028,0.2
audio_237.wav,train,0.6233845,0.23543441,0.3333333333333333
audio_197.wav,train,0.75032103,0.28876534,0.14285714285714285
audio_449.wav,train,0.85022193,0.09549565,0.1
audio_567.wav,train,0.5213619,0.04656878,0.3333333333333333
audio_477.wav,train,0.60904866,0.07042668,0.3333333333333333
audio_728.wav,train,0.68172204,0.08792384,0.2857142857142857
audio_377.wav,train,0.5857565,0.29123378,0.3333333333333333
audio_633.wav,train,0.72558606,0.2549983,0.4
audio_690.wav,train,0.92216927,0.77929395,0.0
audio_525.wav,train,0.78805095,0.23035865,0.23076923076923078
audio_31.wav,train,0.7730106,0.23997031,0.2
audio_676.wav,train,0.88965225,0.5190431,0.0
audio_263.wav,train,0.9079314,0.6872851,0.0
audio_5070.wav,train,0.5788038,0.2013436,0.5
audio_510.wav,train,0.91335136,0.7151405,0.0
audio_577.wav,train,0.7646625,0.19801214,0.25
audio_230.wav,train,0.9606369,0.9287258,0.0
audio_314.wav,train,0.17482224,0.17482224,1.0
audio_641.wav,train,0.83840066,0.79867834,0.0
audio_689.wav,train,0.4966705,0.15451454,0.7142857142857143
audio_352.wav,train,0.78819364,0.21910454,0.16666666666666666
audio_193.wav,train,0.8951866,0.81604564,0.0
audio_5049.wav,train,0.6289142,0.17827357,0.4444444444444444
audio_300.wav,train,0.809768,0.54096663,0.0
audio_581.wav,train,0.19906832,0.19906832,1.0
audio_164.wav,train,0.82333547,0.47399884,0.2
audio_502.wav,train,0.5920768,0.12496247,0.5714285714285714
audio_380.wav,train,0.7499059,0.20202726,0.2
audio_15.wav,train,0.7446247,0.3142747,0.3
audio_238.wav,train,0.48610052,0.2887687,0.6666666666666666
audio_53.wav,train,0.7825241,0.22130576,0.25
audio_283.wav,train,0.9065559,0.8120258,0.0
audio_614.wav,train,0.8277064,0.53782094,0.0
audio_121.wav,train,0.7507287,0.4834392,0.2857142857142857
audio_216.wav,train,0.9335867,0.667601,0.0
audio_552.wav,train,0.57683265,0.1492255,0.4
audio_514.wav,train,0.056915633,0.056915633,1.0
audio_593.wav,train,0.85122406,0.54922575,0.0
audio_565.wav,train,0.5020446,0.10369765,0.5
audio_140.wav,train,0.6094249,0.23543763,0.5
audio_117.wav,train,0.4408227,0.17932087,0.6666666666666666
audio_495.wav,train,0.3625244,0.087895334,0.75
audio_652.wav,train,0.9052962,0.7976393,0.0
audio_645.wav,train,0.28602555,0.22038002,1.0
audio_242.wav,train,0.24741629,0.09743456,1.0
audio_4.wav,train,0.37730405,0.37730405,1.0
audio_93.wav,train,0.6330062,0.2891393,0.5
audio_582.wav,train,0.4157261,0.18253833,0.5
audio_222.wav,train,0.95927954,0.91188294,0.0
audio_5042.wav,train,0.53903997,0.09803912,0.5
audio_253.wav,train,0.64552295,0.4868186,0.5
audio_167.wav,train,0.8010487,0.19767736,0.18181818181818182
audio_583.wav,train,0.57999766,0.05668198,0.5555555555555556
audio_682.wav,train,0.8290698,0.3758133,0.16666666666666666
audio_5045.wav,train,0.27751395,0.20064919,1.0
audio_173.wav,train,0.5380435,0.18019518,0.5
audio_338.wav,train,0.67171353,0.20986298,0.2857142857142857
audio_188.wav,train,0.844204,0.40748858,0.1111111111111111
audio_59.wav,train,0.838304,0.6078875,0.0
audio_318.wav,train,0.6391504,0.40598038,0.25
audio_17.wav,train,0.7309588,0.23710151,0.2
audio_551.wav,train,0.69935334,0.076858155,0.2
audio_275.wav,train,0.7256384,0.12617852,0.25
audio_368.wav,train,0.90358776,0.43145546,0.1111111111111111
audio_730.wav,train,0.60782963,0.2356216,0.5
audio_5060.wav,train,0.71621215,0.101226546,0.2
audio_685.wav,train,0.7432456,0.5060821,0.0
audio_7.wav,train,0.6731281,0.3643543,0.5
audio_204.wav,train,0.88757014,0.47142223,0.1111111111111111
audio_5064.wav,train,0.64293075,0.058133848,0.3333333333333333
audio_127.wav,train,0.5401126,0.07773258,0.5
audio_412.wav,train,0.15565321,0.15565321,1.0
audio_132.wav,train,0.52841073,0.1372389,0.6
audio_156.wav,train,0.79941356,0.31708533,0.2222222222222222
audio_426.wav,train,0.4339522,0.048286803,0.6666666666666666
audio_709.wav,train,0.92608243,0.82295126,0.0
audio_291.wav,train,0.8928393,0.6256938,0.0
audio_523.wav,train,0.626939,0.10230029,0.5
audio_632.wav,train,0.69993657,0.2673342,0.3333333333333333
audio_684.wav,train,0.5758955,0.078943186,0.3333333333333333
audio_512.wav,train,0.3949274,0.1298993,0.75
audio_764.wav,train,0.80225945,0.12996455,0.16666666666666666
audio_585.wav,train,0.6428024,0.06673575,0.375
audio_562.wav,train,0.15865791,0.03607273,1.0
audio_465.wav,train,0.81250566,0.113874264,0.14285714285714285
audio_37.wav,train,0.9372773,0.8172429,0.0
audio_47.wav,train,0.558024,0.062739454,0.42857142857142855
audio_233.wav,train,0.7941399,0.22269353,0.16666666666666666
audio_621.wav,train,0.6048997,0.039038934,0.4
audio_590.wav,train,0.79532975,0.4939462,0.3333333333333333
audio_349.wav,train,0.74582946,0.19856961,0.2
audio_387.wav,train,0.8485618,0.43542624,0.16666666666666666
audio_630.wav,train,0.6227671,0.10479725,0.2857142857142857
audio_5046.wav,train,0.4914902,0.26668972,0.8
audio_183.wav,train,0.6649741,0.26426014,0.5
audio_607.wav,train,0.7268462,0.60243064,0.0
audio_133.wav,train,0.5682095,0.09229041,0.2
audio_443.wav,train,0.44040304,0.10869425,0.6
audio_55.wav,train,0.63584507,0.46431252,0.25
audio_686.wav,train,0.24376208,0.24376208,1.0
audio_740.wav,train,0.9411791,0.76845497,0.0
audio_699.wav,train,0.87166256,0.4727716,0.1111111111111111
audio_44.wav,train,0.85565186,0.6192735,0.0
audio_500.wav,train,0.41525608,0.07866108,0.75
audio_265.wav,train,0.570124,0.18357198,0.5
audio_125.wav,train,0.12859714,0.12859714,1.0
audio_413.wav,train,0.8235863,0.52782226,0.0
audio_256.wav,train,0.68656015,0.13626319,0.25
audio_350.wav,train,0.77186966,0.25294656,0.3333333333333333
audio_364.wav,train,0.8255428,0.29541695,0.125
audio_131.wav,train,0.49870205,0.09239446,0.6
audio_168.wav,train,0.34764686,0.24432617,1.0
audio_557.wav,train,0.69204235,0.33856842,0.3333333333333333
audio_670.wav,train,0.8361029,0.13788633,0.08333333333333333
audio_342.wav,train,0.7213372,0.07398221,0.2
audio_2.wav,train,0.8314696,0.6008835,0.0
audio_5048.wav,train,0.46452862,0.15028451,0.6
audio_741.wav,train,0.71036226,0.3183467,0.4
audio_294.wav,train,0.87587583,0.74470717,0.0
audio_370.wav,train,0.8804849,0.5639432,0.0
audio_417.wav,train,0.26688203,0.19756836,1.0
audio_753.wav,train,0.79760253,0.39543316,0.14285714285714285
audio_533.wav,train,0.46634948,0.21944766,0.6666666666666666
audio_239.wav,train,0.97392434,0.95665205,0.0
audio_566.wav,train,0.7954805,0.18741876,0.18181818181818182
audio_736.wav,train,0.72505504,0.11363266,0.375
audio_541.wav,train,0.5157076,0.07031014,0.4
audio_531.wav,train,0.60999846,0.28245148,0.5
audio_280.wav,train,0.7812903,0.22620939,0.2
audio_33.wav,train,0.8689637,0.5609904,0.0
audio_307.wav,train,0.8039169,0.5157781,0.0
audio_617.wav,train,0.58733886,0.0970113,0.5
audio_613.wav,train,0.89413077,0.5087847,0.0
audio_472.wav,train,0.15692909,0.15692909,1.0
audio_568.wav,train,0.5626017,0.15216261,0.3333333333333333
audio_521.wav,train,0.9442236,0.867277,0.0
audio_401.wav,train,0.6632324,0.23986852,0.3333333333333333
audio_573.wav,train,0.06683662,0.06683662,1.0
audio_180.wav,train,0.85809964,0.50243384,0.0
audio_320.wav,train,0.788573,0.15104985,0.2
audio_85.wav,train,0.6424955,0.3851874,0.4
audio_296.wav,train,0.66943455,0.15877165,0.25
audio_250.wav,train,0.91902125,0.91669637,0.0
audio_346.wav,train,0.9278637,0.70285267,0.0
audio_335.wav,train,0.88216925,0.11677724,0.1
audio_20.wav,train,0.72191536,0.0860501,0.3
audio_5071.wav,train,0.67021346,0.37841386,0.5
audio_558.wav,train,0.93635654,0.84319365,0.0
audio_289.wav,train,0.23238447,0.07623332,1.0
audio_620.wav,train,0.86900127,0.38376206,0.07142857142857142
audio_665.wav,train,0.49182314,0.062356632,0.6
audio_751.wav,train,0.76119095,0.35844716,0.16666666666666666
audio_442.wav,train,0.54653543,0.12660521,0.5
audio_362.wav,train,0.89159817,0.40431783,0.1111111111111111
audio_311.wav,train,0.7075194,0.14706288,0.2
audio_724.wav,train,0.90006226,0.56120694,0.0
audio_39.wav,train,0.8989008,0.76288885,0.0
audio_290.wav,train,0.78642833,0.49890688,0.25
audio_23.wav,train,0.7732763,0.67864406,0.0
audio_624.wav,train,0.74928325,0.32256228,0.3333333333333333
audio_206.wav,train,0.7651262,0.35528985,0.16666666666666666
audio_288.wav,train,0.8836321,0.47287053,0.125
audio_60.wav,train,0.6600018,0.3553281,0.25
audio_80.wav,train,0.16552041,0.16552041,1.0
audio_214.wav,train,0.7127279,0.37743506,0.2857142857142857
audio_599.wav,train,0.3844319,0.18791942,0.5
audio_5063.wav,train,0.56282943,0.13595054,0.5
audio_207.wav,train,0.9762553,0.9714595,0.0
audio_438.wav,train,0.73896956,0.2682429,0.25
audio_332.wav,train,0.68344647,0.2674645,0.4
audio_159.wav,train,0.45506305,0.17910974,0.6
audio_478.wav,train,0.097517826,0.097517826,1.0
audio_46.wav,train,0.7983152,0.5567544,0.0
audio_130.wav,train,0.7596428,0.46825403,0.3333333333333333
audio_437.wav,train,0.86684424,0.5556419,0.0
audio_771.wav,train,0.7473828,0.2943281,0.14285714285714285
audio_759.wav,train,0.81608206,0.14854175,0.14285714285714285
audio_25.wav,train,0.8338993,0.21489541,0.16666666666666666
audio_191.wav,train,0.48863307,0.10473926,0.6666666666666666
audio_182.wav,train,0.8623506,0.8112254,0.0
audio_236.wav,train,0.7986265,0.26073328,0.25
audio_24.wav,train,0.08644866,0.08644866,1.0
audio_428.wav,train,0.08986189,0.08986189,1.0
audio_678.wav,train,0.7438068,0.09725271,0.21428571428571427
audio_591.wav,train,0.23843497,0.20045818,1.0
audio_597.wav,train,0.587837,0.22175255,0.6
audio_580.wav,train,0.5323645,0.039412003,0.5714285714285714
audio_19.wav,train,0.6699474,0.045976803,0.375
audio_476.wav,train,0.616644,0.25021335,0.5
audio_375.wav,train,0.66497076,0.538012,0.0
audio_642.wav,train,0.698138,0.26496786,0.3333333333333333
audio_66.wav,train,0.4743196,0.22506912,0.5
audio_186.wav,train,0.75502324,0.53592753,0.0
audio_713.wav,train,0.6256553,0.17339644,0.5
audio_354.wav,train,0.93972236,0.8263321,0.0
audio_768.wav,train,0.89794326,0.46260372,0.1111111111111111
audio_14.wav,train,0.6364146,0.20096515,0.5
audio_208.wav,train,0.8735383,0.3879494,0.16666666666666666
audio_418.wav,train,0.51382893,0.18082106,0.6
audio_212.wav,train,0.74849015,0.059078958,0.2631578947368421
audio_177.wav,train,0.7920034,0.22158901,0.18181818181818182
audio_503.wav,train,0.16798119,0.09306785,1.0
audio_564.wav,train,0.048386317,0.048386317,1.0
audio_257.wav,train,0.68370605,0.31729564,0.5
audio_408.wav,train,0.949753,0.88005096,0.0
audio_468.wav,train,0.2756864,0.09136394,0.75
audio_574.wav,train,0.5657114,0.14385931,0.4
audio_26.wav,train,0.72094214,0.66686946,0.0
audio_480.wav,train,0.14646181,0.14646181,1.0
audio_706.wav,train,0.5336804,0.13784589,0.5
audio_57.wav,train,0.5059845,0.11124873,0.3333333333333333
audio_209.wav,train,0.9140489,0.68932235,0.0
audio_712.wav,train,0.6194568,0.23938839,0.6
audio_353.wav,train,0.587945,0.5140267,0.0
audio_575.wav,train,0.8042662,0.10785148,0.16666666666666666
audio_383.wav,train,0.9412069,0.88219225,0.0
audio_781.wav,train,0.8492106,0.67134756,0.0
audio_118.wav,train,0.7985414,0.18762384,0.2
audio_337.wav,train,0.79490185,0.38868174,0.1111111111111111
audio_715.wav,train,0.4224715,0.27390268,0.75
audio_323.wav,train,0.32456,0.18263575,0.75
audio_374.wav,train,0.86738324,0.5774873,0.0
audio_348.wav,train,0.76112765,0.1627323,0.25
audio_547.wav,train,0.572469,0.2978671,0.5
audio_41.wav,train,0.78325254,0.78325254,0.0
audio_284.wav,train,0.6676232,0.33479977,0.25
audio_13.wav,train,0.70280445,0.32410938,0.25
audio_548.wav,train,0.6951384,0.1349962,0.25
audio_687.wav,train,0.82764214,0.3923763,0.2
audio_104.wav,train,0.8812108,0.62445223,0.0
audio_181.wav,train,0.41477573,0.14138603,0.75
audio_755.wav,train,0.80958813,0.57742846,0.0
audio_733.wav,train,0.75164723,0.21462752,0.25
audio_5072.wav,train,0.3662954,0.2919467,0.8
audio_776.wav,train,0.9072815,0.71332574,0.0
audio_70.wav,train,0.7057685,0.17006806,0.3333333333333333
audio_49.wav,train,0.34578344,0.3304582,1.0
audio_527.wav,train,0.7941132,0.089305535,0.16666666666666666
audio_273.wav,train,0.5336526,0.15333365,0.5714285714285714
audio_139.wav,train,0.7839581,0.61628664,0.0
audio_467.wav,train,0.44641978,0.08156927,0.5
audio_407.wav,train,0.9226087,0.6984208,0.0
audio_404.wav,train,0.69934833,0.47473505,0.2
audio_534.wav,train,0.53430104,0.29336238,0.6666666666666666
audio_96.wav,train,0.53068197,0.09242789,0.4
audio_137.wav,train,0.55426913,0.14781412,0.5
audio_150.wav,train,0.6317263,0.10585033,0.3333333333333333
audio_339.wav,train,0.70248306,0.45772827,0.4
audio_409.wav,train,0.9222762,0.7410307,0.0
audio_78.wav,train,0.43344706,0.28750113,0.8
audio_244.wav,train,0.44706878,0.09752191,0.6
audio_752.wav,train,0.841352,0.344544,0.2
audio_508.wav,train,0.6085312,0.08117382,0.5
audio_664.wav,train,0.67796767,0.112508364,0.2
audio_701.wav,train,0.79907453,0.39667597,0.2
audio_5044.wav,train,0.93523836,0.92956084,0.0
audio_734.wav,train,0.72923565,0.112416655,0.2222222222222222
audio_51.wav,train,0.87278354,0.2915023,0.14285714285714285
audio_704.wav,train,0.17285906,0.17285906,1.0
audio_129.wav,train,0.9721545,0.96398014,0.0
audio_107.wav,train,0.70125365,0.16942056,0.2222222222222222
audio_143.wav,train,0.91989046,0.61441714,0.0
audio_458.wav,train,0.8847963,0.2945113,0.1
audio_424.wav,train,0.51432306,0.18859322,0.5
audio_563.wav,train,0.57663864,0.12536527,0.42857142857142855
audio_625.wav,train,0.6537614,0.5019313,0.0
audio_302.wav,train,0.7605041,0.37137762,0.14285714285714285
audio_154.wav,train,0.9122615,0.8622096,0.0
audio_754.wav,train,0.405643,0.405643,1.0
audio_749.wav,train,0.50829935,0.17161025,0.6
audio_366.wav,train,0.81165254,0.41415086,0.2
audio_693.wav,train,0.41798365,0.07706183,0.6666666666666666
audio_608.wav,train,0.921769,0.8729719,0.0
audio_220.wav,train,0.9353012,0.83068246,0.0
audio_761.wav,train,0.78462005,0.36556703,0.2
audio_640.wav,train,0.9573342,0.9025778,0.0
audio_67.wav,train,0.5954604,0.12402285,0.3333333333333333
audio_299.wav,train,0.8348139,0.07502985,0.09090909090909091
audio_102.wav,train,0.7225543,0.10854557,0.125
audio_258.wav,train,0.79820687,0.40097332,0.2
audio_679.wav,train,0.6183391,0.28297937,0.5
audio_82.wav,train,0.8005683,0.4136907,0.2
audio_325.wav,train,0.7830604,0.44788173,0.3333333333333333
audio_399.wav,train,0.6163233,0.09744562,0.3333333333333333
audio_285.wav,train,0.95782274,0.93029904,0.0
audio_784.wav,train,0.90393776,0.70562875,0.0
audio_0.wav,train,0.6746411,0.48870942,0.3333333333333333
audio_435.wav,train,0.62167066,0.14552847,0.3333333333333333
audio_91.wav,train,0.78338873,0.23479488,0.25
audio_109.wav,train,0.7356858,0.17085765,0.16666666666666666
audio_772.wav,train,0.92227817,0.822992,0.0
audio_270.wav,train,0.8109324,0.43065813,0.2222222222222222
audio_528.wav,train,0.53753906,0.16086328,0.5
audio_441.wav,train,0.12519859,0.061965868,1.0
audio_381.wav,train,0.5679396,0.08364482,0.3333333333333333
audio_86.wav,train,0.32020593,0.32020593,1.0
audio_101.wav,train,0.526148,0.11646271,0.5
audio_333.wav,train,0.7635359,0.23235576,0.25
audio_149.wav,train,0.5270132,0.15766881,0.6
audio_719.wav,train,0.6990793,0.4346629,0.25
audio_638.wav,train,0.6780624,0.15108289,0.2
audio_147.wav,train,0.80324525,0.18974717,0.2
audio_62.wav,train,0.8413723,0.5807255,0.0
audio_763.wav,train,0.9325932,0.83494115,0.0
audio_498.wav,train,0.704562,0.23559284,0.3333333333333333
audio_1.wav,train,0.6198801,0.16921933,0.5
audio_304.wav,train,0.81959087,0.42734078,0.16666666666666666
audio_347.wav,train,0.91804636,0.8755984,0.0
audio_560.wav,train,0.8509205,0.15389149,0.14285714285714285
audio_452.wav,train,0.7649015,0.08001372,0.2
audio_716.wav,train,0.8716564,0.36444962,0.1
audio_473.wav,train,0.72067493,0.12682177,0.2222222222222222
audio_95.wav,train,0.9163912,0.7948885,0.0
audio_732.wav,train,0.688093,0.12723376,0.2
audio_292.wav,train,0.7606928,0.25153613,0.2222222222222222
audio_469.wav,train,0.12920685,0.115814686,1.0
audio_329.wav,train,0.0929236,0.0929236,1.0
audio_169.wav,train,0.57172185,0.32738084,0.6666666666666666
audio_174.wav,train,0.8285724,0.2893101,0.14285714285714285
audio_513.wav,train,0.43080977,0.052643664,0.6666666666666666
audio_584.wav,train,0.47830534,0.16183135,0.5
audio_345.wav,train,0.7920239,0.27224872,0.1111111111111111
audio_750.wav,train,0.9399996,0.89087486,0.0
audio_116.wav,train,0.52350944,0.24678461,0.6666666666666666
audio_114.wav,train,0.7889062,0.16764447,0.14285714285714285
audio_157.wav,train,0.23669069,0.069080554,0.6666666666666666
audio_385.wav,train,0.9336443,0.7034401,0.0
audio_264.wav,train,0.80940574,0.48229504,0.3333333333333333
audio_390.wav,train,0.78546846,0.13083734,0.14285714285714285
audio_766.wav,train,0.8972613,0.61036843,0.0
audio_571.wav,train,0.45616698,0.17954679,0.6666666666666666
audio_393.wav,train,0.7902318,0.14852941,0.25
audio_691.wav,train,0.87374973,0.46215463,0.14285714285714285
audio_128.wav,test,0.7429527,0.38265032,0.2
audio_156.wav,test,0.9326919,0.82384145,0.0
audio_19.wav,test,0.800485,0.33648598,0.14285714285714285
audio_108.wav,test,0.4020326,0.068249986,0.6666666666666666
audio_206.wav,test,0.5583445,0.1898301,0.5
audio_161.wav,test,0.4016419,0.07476538,0.6
audio_215.wav,test,0.60508937,0.24419865,0.5
audio_213.wav,test,0.64506495,0.03993839,0.25
audio_11.wav,test,0.96741754,0.9559655,0.0
audio_155.wav,test,0.5481207,0.18396118,0.5
audio_39.wav,test,0.5464807,0.10701421,0.5714285714285714
audio_168.wav,test,0.16406736,0.16406736,1.0
audio_133.wav,test,0.52431005,0.066296495,0.4
audio_28.wav,test,0.9049477,0.84173805,0.0
audio_40.wav,test,0.28567886,0.148795,0.8
audio_181.wav,test,0.724234,0.041769125,0.2
audio_201.wav,test,0.81028605,0.4658677,0.16666666666666666
audio_182.wav,test,0.92093563,0.7968366,0.0
audio_126.wav,test,0.72522783,0.2052683,0.2857142857142857
audio_10.wav,test,0.5944472,0.067757875,0.3333333333333333
audio_134.wav,test,0.10004964,0.10004964,1.0
audio_69.wav,test,0.83407253,0.43354094,0.1111111111111111
audio_112.wav,test,0.8553683,0.5272485,0.0
audio_180.wav,test,0.67723244,0.11376345,0.2857142857142857
audio_177.wav,test,0.46831536,0.14905077,0.75
audio_77.wav,test,0.7530981,0.08568872,0.2222222222222222
audio_111.wav,test,0.50181645,0.13568066,0.4
audio_18.wav,test,0.77659786,0.38599268,0.2
audio_175.wav,test,0.91326034,0.6894501,0.0
audio_33.wav,test,0.7989776,0.32936564,0.25
audio_15.wav,test,0.45650494,0.16624467,0.75
audio_4.wav,test,0.43727842,0.14119472,0.6666666666666666
audio_27.wav,test,0.51377016,0.15527411,0.6666666666666666
audio_96.wav,test,0.5295391,0.5295391,0.0
audio_116.wav,test,0.4977943,0.078871965,0.42857142857142855
audio_1.wav,test,0.50169605,0.10103629,0.6
audio_22.wav,test,0.79438907,0.17604017,0.1111111111111111
audio_114.wav,test,0.39684057,0.19607411,0.6666666666666666
audio_146.wav,test,0.879152,0.50823504,0.0
audio_46.wav,test,0.7796943,0.64664346,0.0
audio_144.wav,test,0.7494463,0.29592076,0.25
audio_75.wav,test,0.8994835,0.75683576,0.0
audio_200.wav,test,0.70707446,0.2837305,0.2857142857142857
audio_196.wav,test,0.44211623,0.13827255,0.6666666666666666
audio_190.wav,test,0.5809987,0.15012647,0.3333333333333333
audio_158.wav,test,0.75486606,0.43636715,0.25
audio_17.wav,test,0.117626384,0.08375897,1.0
audio_105.wav,test,0.91010875,0.68867815,0.0
audio_141.wav,test,0.23342213,0.23342213,1.0
audio_129.wav,test,0.9615622,0.9251043,0.0
audio_6.wav,test,0.83877826,0.2622215,0.125
audio_70.wav,test,0.9436684,0.7490766,0.0
audio_35.wav,test,0.87285084,0.3572957,0.14285714285714285
audio_203.wav,test,0.8175011,0.31164536,0.14285714285714285
audio_90.wav,test,0.7410643,0.56389695,0.0
audio_16.wav,test,0.69989055,0.30974355,0.3333333333333333
audio_138.wav,test,0.5423502,0.07472207,0.5
audio_100.wav,test,0.79779637,0.3371163,0.14285714285714285
audio_115.wav,test,0.47429186,0.05542141,0.5714285714285714
audio_118.wav,test,0.83551687,0.6029929,0.0
audio_137.wav,test,0.5528601,0.14883642,0.3333333333333333
audio_101.wav,test,0.47062612,0.16508141,0.5
audio_193.wav,test,0.6917458,0.54129374,0.0
audio_102.wav,test,0.92538196,0.82161397,0.0
audio_52.wav,test,0.6859336,0.0626938,0.2727272727272727
audio_172.wav,test,0.39994863,0.36472997,1.0
audio_191.wav,test,0.84490824,0.3496515,0.2
audio_194.wav,test,0.3500603,0.2059797,0.6666666666666666
audio_67.wav,test,0.5987535,0.15268546,0.25
audio_160.wav,test,0.89296293,0.6095509,0.0
audio_179.wav,test,0.21425112,0.21425112,1.0
audio_55.wav,test,0.40380666,0.23732099,0.8333333333333334
audio_145.wav,test,0.73356265,0.11261048,0.2
audio_197.wav,test,0.6767674,0.047981974,0.2857142857142857
audio_139.wav,test,0.5600454,0.21945316,0.25
audio_91.wav,test,0.95999855,0.9079771,0.0
audio_8.wav,test,0.14115721,0.14115721,1.0
audio_136.wav,test,0.89494663,0.5112802,0.0
audio_199.wav,test,0.3252611,0.074322276,0.75
audio_110.wav,test,0.87724227,0.32947406,0.1
audio_208.wav,test,0.4690643,0.053372316,0.6
audio_152.wav,test,0.94285583,0.86211544,0.0
audio_94.wav,test,0.9321349,0.7958303,0.0
audio_174.wav,test,0.583889,0.18635894,0.5
audio_23.wav,test,0.9064883,0.5933964,0.0
audio_56.wav,test,0.23537962,0.048439886,0.875
audio_97.wav,test,0.71051383,0.08848755,0.16666666666666666
audio_148.wav,test,0.76081663,0.16182846,0.2727272727272727
audio_59.wav,test,0.59107643,0.18324143,0.3333333333333333
audio_5.wav,test,0.8048617,0.55585617,0.0
audio_119.wav,test,0.18527214,0.18527214,1.0
audio_80.wav,test,0.880152,0.4940885,0.1111111111111111
audio_58.wav,test,0.109339,0.109339,1.0
audio_123.wav,test,0.92292565,0.7674447,0.0
audio_188.wav,test,0.806475,0.12512185,0.16666666666666666
audio_121.wav,test,0.60224175,0.26305085,0.5
audio_107.wav,test,0.94144815,0.94144815,0.0
audio_214.wav,test,0.6693219,0.23395579,0.25
audio_73.wav,test,0.7788892,0.30528075,0.2222222222222222
audio_169.wav,test,0.23533343,0.22188185,1.0
audio_7.wav,test,0.6215893,0.36817524,0.4
audio_42.wav,test,0.88958555,0.49324524,0.14285714285714285
audio_88.wav,test,0.65653026,0.3979829,0.5
audio_64.wav,test,0.18879111,0.09127134,1.0
audio_195.wav,test,0.20605369,0.20605369,1.0
audio_57.wav,test,0.48850846,0.11743601,0.5714285714285714
audio_13.wav,test,0.6743318,0.35905197,0.2
audio_125.wav,test,0.85363984,0.6018088,0.0
audio_209.wav,test,0.38820514,0.09703935,0.6666666666666666
audio_211.wav,test,0.5962372,0.18016338,0.25
audio_63.wav,test,0.59371924,0.12969719,0.5
audio_86.wav,test,0.9236321,0.72000194,0.0
audio_78.wav,test,0.76132935,0.304968,0.2857142857142857
audio_38.wav,test,0.6237827,0.20371318,0.2857142857142857
audio_186.wav,test,0.66171247,0.21054702,0.3333333333333333
audio_154.wav,test,0.6913531,0.16135645,0.25
audio_21.wav,test,0.6021165,0.2847136,0.4
audio_120.wav,test,0.19568151,0.05970518,1.0
audio_183.wav,test,0.4755436,0.14789851,0.6666666666666666
audio_25.wav,test,0.5110138,0.17335051,0.5
audio_122.wav,test,0.7759687,0.089997254,0.2
audio_36.wav,test,0.3438091,0.077389106,0.8571428571428571
audio_76.wav,test,0.8423638,0.5288565,0.0
audio_163.wav,test,0.7423832,0.46856096,0.2
audio_83.wav,test,0.8528124,0.5083887,0.0
audio_103.wav,test,0.7740397,0.45632458,0.14285714285714285
audio_93.wav,test,0.31099555,0.31099555,1.0
audio_26.wav,test,0.91694325,0.49869487,0.1111111111111111
audio_72.wav,test,0.96212727,0.9331302,0.0
audio_210.wav,test,0.38694087,0.11403307,0.7142857142857143
audio_104.wav,test,0.054028295,0.054028295,1.0
audio_81.wav,test,0.7556127,0.44094178,0.25
audio_166.wav,test,0.22072247,0.21481487,1.0
audio_202.wav,test,0.9021831,0.7032989,0.0
audio_185.wav,test,0.5326954,0.32546568,0.6
audio_9.wav,test,0.1483899,0.099708445,1.0
audio_207.wav,test,0.5833954,0.14751162,0.42857142857142855
audio_127.wav,test,0.7038491,0.47150296,0.3333333333333333
audio_12.wav,test,0.14904143,0.14904143,1.0
audio_132.wav,test,0.35703766,0.35703766,1.0
audio_109.wav,test,0.31650382,0.28860697,1.0
audio_32.wav,test,0.76550376,0.25685763,0.2
audio_178.wav,test,0.5890834,0.08190045,0.5
audio_61.wav,test,0.6538548,0.10307372,0.2857142857142857
audio_34.wav,test,0.86616635,0.19543548,0.16666666666666666
audio_106.wav,test,0.83496284,0.61212057,0.0
audio_49.wav,test,0.8763521,0.81664187,0.0
audio_149.wav,test,0.800353,0.5408894,0.0
audio_30.wav,test,0.86699086,0.5714609,0.0
audio_131.wav,test,0.7056538,0.10504536,0.25
audio_162.wav,test,0.071661666,0.071661666,1.0
audio_204.wav,test,0.92679596,0.83564484,0.0
audio_198.wav,test,0.6305984,0.31454152,0.5
audio_135.wav,test,0.69302714,0.37611508,0.5
audio_187.wav,test,0.6522079,0.05956059,0.4
audio_3.wav,test,0.4152821,0.15122885,0.75
audio_98.wav,test,0.763708,0.18230616,0.2
audio_159.wav,test,0.33660764,0.27878475,1.0
audio_167.wav,test,0.29968068,0.11017459,1.0
audio_205.wav,test,0.5281329,0.2922471,0.6666666666666666
audio_95.wav,test,0.8125017,0.5634838,0.0
audio_68.wav,test,0.79811025,0.49589399,0.1111111111111111
audio_31.wav,test,0.74883515,0.17144789,0.2857142857142857
audio_157.wav,test,0.42992747,0.15122871,0.75
audio_89.wav,test,0.5392862,0.09016651,0.5
audio_82.wav,test,0.70611393,0.24269299,0.4
audio_53.wav,test,0.60233766,0.1935542,0.5555555555555556
audio_37.wav,test,0.71490407,0.049950916,0.2222222222222222
audio_113.wav,test,0.64763033,0.35508147,0.25
audio_85.wav,test,0.8273378,0.48686984,0.16666666666666666
audio_173.wav,test,0.7583482,0.33871672,0.25
audio_41.wav,test,0.83386606,0.50870585,0.0
audio_51.wav,test,0.60832965,0.27650067,0.5
audio_143.wav,test,0.65301126,0.24831901,0.3333333333333333
audio_92.wav,test,0.91588336,0.71617204,0.0
audio_74.wav,test,0.86788535,0.58104706,0.0
audio_0.wav,test,0.45367122,0.29389766,0.5
audio_147.wav,test,0.48801732,0.3522619,0.5
audio_130.wav,test,0.82752675,0.3313017,0.2
audio_192.wav,test,0.32902497,0.079922274,0.75
audio_43.wav,test,0.72583455,0.22233962,0.14285714285714285
audio_65.wav,test,0.095796145,0.08760139,1.0
audio_14.wav,test,0.46675563,0.20601304,0.6666666666666666
audio_117.wav,test,0.7256896,0.5188964,0.0
audio_212.wav,test,0.1715062,0.1715062,1.0
audio_79.wav,test,0.8280898,0.2723432,0.14285714285714285
audio_171.wav,test,0.43389782,0.15670972,0.75
audio_60.wav,test,0.4391969,0.087582946,0.8
audio_153.wav,test,0.6178739,0.087378636,0.5
audio_176.wav,test,0.95093715,0.83661056,0.0
audio_2.wav,test,0.7127614,0.26089963,0.25
audio_50.wav,test,0.90028685,0.746981,0.0
audio_29.wav,test,0.7740134,0.7740134,0.0
audio_142.wav,test,0.90643376,0.74917,0.0
audio_47.wav,test,0.7920528,0.45645222,0.16666666666666666
audio_84.wav,test,0.9575565,0.8906495,0.0
audio_164.wav,test,0.28027377,0.28027377,1.0
audio_48.wav,test,0.95887655,0.94953144,0.0
audio_189.wav,test,0.17713186,0.17713186,1.0
audio_151.wav,test,0.67413247,0.1998007,0.4
audio_66.wav,test,0.9686848,0.21883488,0.009009009009009009
audio_44.wav,test,0.9341185,0.74928224,0.0
audio_150.wav,test,0.90187424,0.6732814,0.0
audio_87.wav,test,0.6791049,0.08520774,0.25
audio_99.wav,test,0.5242239,0.3361717,0.5
audio_62.wav,test,0.71418464,0.24271269,0.3333333333333333
audio_20.wav,test,0.556986,0.15187213,0.5
audio_124.wav,test,0.093819104,0.093819104,1.0
audio_54.wav,test,0.38587722,0.10796589,0.5
audio_45.wav,test,0.66763383,0.18889603,0.3333333333333333
audio_71.wav,test,0.9793859,0.9694938,0.0
audio_184.wav,test,0.08577338,0.08577338,1.0
audio_24.wav,test,0.9123858,0.6825001,0.0
audio_140.wav,test,0.7956213,0.6241351,0.0
audio_165.wav,test,0.100577064,0.099779904,1.0
audio_170.wav,test,0.8110339,0.5326988,0.0
