features,n_features,cv_rmse,cv_rmse_fold_std,cv_pearson,n_groups
Hand-crafted,15,0.7525386243305004,0.03576357593751261,0.670194843706966,1
MPNet text,768,0.7670371448341391,0.030480170871841666,0.6545198162587584,1
DeBERTa text,1024,0.59869632176354,0.055286146595696035,0.8070313119758366,1
WavLM audio,768,0.5821651969211193,0.036669356077622756,0.8191247629378811,1
Whisper audio,1280,0.548920115869372,0.029140504288476667,0.8415450893439363,1
Hand-crafted + DeBERTa text,1039,0.5959640149363867,0.056548637917757376,0.8090448359054185,2
Hand-crafted + DeBERTa text + WavLM audio,1807,0.5318127447517765,0.04324885189332571,0.8516985023679002,3
Hand-crafted + DeBERTa text + Whisper audio,2319,0.5250988362179735,0.03036163625659317,0.8558072095659998,3
Hand-crafted + DeBERTa text + WavLM audio + Whisper audio,3087,0.519879751612487,0.036243299355526934,0.8588641619947653,4
Hand-crafted + MPNet text + DeBERTa text + WavLM audio + Whisper audio,3855,0.5288447123882064,0.040476377854230854,0.8536128908776301,5
