file_id,split,lt_grammar_rate,lt_other_rate,lt_rules,text_hash
audio_192.wav,train,0.0,1.1235955056179776,ENGLISH_WORD_REPEAT_RULE,9a547380ba
audio_436.wav,train,0.0,0.0,,07063981c2
audio_447.wav,train,0.9523809523809523,0.9523809523809523,ENGLISH_WORD_REPEAT_BEGINNING_RULE;PRP_VBG,5e8e4d6693
audio_126.wav,train,0.0,0.0,,13a79c327a
audio_61.wav,train,0.0,1.3333333333333333,LOT_OF,a540f81753
audio_639.wav,train,0.0,0.0,,13dd4e60af
audio_703.wav,train,0.0,0.0,,a1082fd2a5
audio_509.wav,train,0.0,0.0,,cf73efce71
audio_672.wav,train,0.0,0.8771929824561403,WHOLE_LOT,d67a7c19a1
audio_344.wav,train,0.9090909090909091,0.0,CYBER_COMPOUNDS,77e09c3dfc
audio_592.wav,train,0.0,0.8771929824561403,ENGLISH_WORD_REPEAT_RULE,463f4b3aab
audio_705.wav,train,0.0,0.9615384615384616,ENGLISH_WORD_REPEAT_BEGINNING_RULE,4bee95509d
audio_497.wav,train,2.7777777777777777,0.0,PLURAL_THAT_AGREEMENT;PLURAL_THAT_AGREEMENT,9d3d34f16e
audio_702.wav,train,0.0,0.0,,cbf122e04e
audio_598.wav,train,2.0618556701030926,0.0,PRP_PAST_PART;PHRASE_REPETITION,1e739feb86
audio_99.wav,train,0.0,0.0,,43ae619645
audio_194.wav,train,1.9230769230769231,0.0,GRADUATE_FROM,451c7ec5dd
audio_5055.wav,train,0.0,0.0,,69b56e5ed7
audio_178.wav,train,0.0,0.0,,1346643c6c
audio_609.wav,train,0.0,0.0,,177f24f206
audio_77.wav,train,0.0,0.0,,43b0d93b49
audio_18.wav,train,0.0,0.9900990099009901,ADJECTIVE_IN_ATTRIBUTE,199c788be8
audio_9.wav,train,0.0,0.0,,5f84614f9d
audio_138.wav,train,0.0,0.0,,4b8daf2b14
audio_269.wav,train,0.0,0.8695652173913043,ENGLISH_WORD_REPEAT_BEGINNING_RULE,004500a987
audio_717.wav,train,1.941747572815534,0.970873786407767,IF_WOULD_HAVE_VBN;BREAKER_COMPOUNDS;PERSPECTIVES_ABOUT_ON,ffa2bc6d94
audio_529.wav,train,0.0,4.081632653061225,ENGLISH_WORD_REPEAT_BEGINNING_RULE;ENGLISH_WORD_REPEAT_BEGINNING_RULE;ENGLISH_WORD_REPEAT_BEGINNING_RULE;ENGLISH_WORD_REPEAT_BEGINNING_RULE,d535826112
audio_578.wav,train,0.0,0.0,,c65e07b8ad
audio_171.wav,train,0.0,0.0,,556936d08a
audio_596.wav,train,0.0,0.0,,63743a3eb9
audio_5066.wav,train,0.0,0.0,,8571e254e5
audio_501.wav,train,0.0,1.5037593984962405,VERY_UNIQUE;ENGLISH_WORD_REPEAT_BEGINNING_RULE,d0f0a34216
audio_8.wav,train,1.0638297872340425,0.0,DT_DT,9a706c1928
audio_84.wav,train,0.0,2.272727272727273,EN_COMPOUNDS_OPEN_MINDED;ENGLISH_WORD_REPEAT_BEGINNING_RULE,3c7a600782
audio_11.wav,train,0.0,0.0,,a103f11cb7
audio_142.wav,train,0.0,0.0,,5f8f4b9c87
audio_610.wav,train,0.9174311926605505,0.0,THERE_S_MANY,332aef2ef6
audio_654.wav,train,0.0,1.1363636363636365,ENGLISH_WORD_REPEAT_BEGINNING_RULE,ea6ab8f44b
audio_170.wav,train,0.0,0.0,,0a569dad7a
audio_255.wav,train,0.0,1.0416666666666667,ENGLISH_WORD_REPEAT_RULE,94509f9fa9
audio_162.wav,train,1.1627906976744187,1.1627906976744187,SUBJECT_DROP;PERS_PRONOUN_AGREEMENT,4a23e5d6a7
audio_5069.wav,train,0.0,0.0,,9186aebc4d
audio_769.wav,train,0.970873786407767,0.0,FEWER_LESS,fae98357f9
audio_720.wav,train,0.0,0.0,,571d6c2578
audio_623.wav,train,0.0,2.912621359223301,ENGLISH_WORD_REPEAT_RULE;ENGLISH_WORD_REPEAT_RULE;EXTREME_ADJECTIVES,547ef0269f
audio_718.wav,train,1.0,0.0,FEWER_LESS,f321b398cf
audio_136.wav,train,0.0,0.0,,7af122bc7d
audio_119.wav,train,1.3333333333333333,1.3333333333333333,ENGLISH_WORD_REPEAT_RULE;BUNCH_OF,e8eb0a8549
audio_542.wav,train,0.0,0.8928571428571429,ENGLISH_WORD_REPEAT_RULE,47c1494c0a
audio_5073.wav,train,2.3255813953488373,0.0,THE_CC,1df122616b
audio_322.wav,train,0.9900990099009901,0.0,A_RB_NN,72b29ea76c
audio_5039.wav,train,0.0,2.5641025641025643,ENGLISH_WORD_REPEAT_RULE,450fae3d50
audio_707.wav,train,0.0,2.7027027027027026,EN_COMPOUNDS_FOOD_STUFF;EN_COMPOUNDS_FOOD_STUFF,34eb7f9c94
audio_148.wav,train,0.0,1.5267175572519085,ENGLISH_WORD_REPEAT_BEGINNING_RULE;EN_WORD_COHERENCY,43d8a1b6a5
audio_316.wav,train,0.0,0.0,,ac3bad0c59
audio_647.wav,train,0.0,0.0,,ad39467d38
audio_286.wav,train,0.8333333333333334,0.0,PRP_VBG,b78622e7de
audio_92.wav,train,0.0,0.0,,4d8de4d8ff
audio_462.wav,train,0.0,0.0,,379b07b443
audio_376.wav,train,0.0,1.9801980198019802,DELTA_AIRLINES;WHEN_WHERE,f3f9702b21
audio_76.wav,train,1.25,0.0,THERE_S_MANY,e01627bfe5
audio_105.wav,train,0.0,0.0,,217a243032
audio_355.wav,train,0.0,0.0,,d616d6bf83
audio_663.wav,train,0.0,0.0,,d6b65e018b
audio_767.wav,train,0.8695652173913043,0.0,THE_PUNCT,429fa27cf8
audio_655.wav,train,0.0,1.0,ENGLISH_WORD_REPEAT_BEGINNING_RULE,25a3d081f6
audio_372.wav,train,0.0,0.8403361344537815,ENGLISH_WORD_REPEAT_BEGINNING_RULE,4c3c65c7b2
audio_667.wav,train,0.0,0.78125,ENGLISH_WORD_REPEAT_RULE,ae2cbfbef0
audio_517.wav,train,0.0,0.0,,904bc2f7d0
audio_765.wav,train,0.0,0.0,,65e9f89942
audio_38.wav,train,1.2658227848101267,0.0,THERE_IS_A_LOT_OF,dcf642b761
audio_371.wav,train,0.78125,0.0,AGREEMENT_SENT_START,0855209553
audio_507.wav,train,0.0,0.0,,9ed3c7e9dd
audio_5056.wav,train,0.0,0.0,,4cb9d6f548
audio_282.wav,train,0.0,0.0,,18ca4f8c10
audio_459.wav,train,0.0,0.0,,d7002a5b01
audio_303.wav,train,0.0,2.0202020202020203,QUIET_QUITE;EN_COMPOUNDS_BEST_SELLING,d524256c7d
audio_297.wav,train,0.0,0.0,,10231261e2
audio_432.wav,train,1.8018018018018018,0.9009009009009009,THE_SUPERLATIVE;ENGLISH_WORD_REPEAT_RULE;IT_VBZ,80aa558bdf
audio_454.wav,train,0.0,2.142857142857143,ENGLISH_WORD_REPEAT_BEGINNING_RULE;ENGLISH_WORD_REPEAT_BEGINNING_RULE;ETC_PERIOD,a9204d9a6c
audio_482.wav,train,0.0,0.8064516129032258,ENGLISH_WORD_REPEAT_BEGINNING_RULE,9a10c5ceae
audio_484.wav,train,1.2345679012345678,0.0,BUNCH_OF,86409b992d
audio_757.wav,train,0.0,0.0,,0021b1e70f
audio_773.wav,train,0.0,3.79746835443038,ENGLISH_WORD_REPEAT_BEGINNING_RULE;ENGLISH_WORD_REPEAT_BEGINNING_RULE;ENGLISH_WORD_REPEAT_BEGINNING_RULE,573bd4ac54
audio_668.wav,train,0.7936507936507936,0.7936507936507936,THERE_S_MANY;ENGLISH_WORD_REPEAT_BEGINNING_RULE,06d58e6bd1
audio_240.wav,train,0.0,0.0,,8282f5026b
audio_163.wav,train,0.0,0.0,,7fe38df952
audio_659.wav,train,0.746268656716418,0.0,PHRASE_REPETITION,7ede8d4885
audio_532.wav,train,0.0,0.0,,e077d221bf
audio_464.wav,train,1.3333333333333333,0.0,PRP_VBG,5b8de8ec8f
audio_5.wav,train,2.803738317757009,0.0,BEEN_PART_AGREEMENT;ALLOW_TO;PHRASE_REPETITION,d2cb4318a3
audio_231.wav,train,1.4388489208633093,0.0,A_RB_A_JJ_NN;EVERY_EACH_SINGULAR,d7b393a6f9
audio_384.wav,train,0.8333333333333334,0.0,QUALITY_PARTITIVE,3ea3240a1c
audio_54.wav,train,0.0,0.0,,9d1311f0c9
audio_656.wav,train,0.0,0.0,,514e2331ab
audio_444.wav,train,2.5,2.5,FOCUS_IN;HARD_WORKING_COMPOUND;ENGLISH_WORD_REPEAT_RULE;HARD_WORKING_COMPOUND,203ddff775
audio_5062.wav,train,0.0,0.0,,ac6b50ea6c
audio_312.wav,train,0.0,0.0,,ef40d2aecb
audio_120.wav,train,0.0,0.0,,075484464c
audio_446.wav,train,2.727272727272727,0.9090909090909091,THE_BEST_WAY;DEPEND_ON;THE_SUPERLATIVE;ENGLISH_WORD_REPEAT_RULE,d14addc34c
audio_546.wav,train,1.0,1.0,ENGLISH_WORD_REPEAT_RULE;THE_SUPERLATIVE,1ae48f78e2
audio_430.wav,train,0.0,0.847457627118644,ENGLISH_WORD_REPEAT_BEGINNING_RULE,bc67fb2ea4
audio_179.wav,train,0.0,1.694915254237288,ETC_PERIOD,f88cdebfb8
audio_674.wav,train,0.0,0.7936507936507936,THE_FALL_SEASON,06d4942f4e
audio_737.wav,train,0.0,0.0,,868999c01a
audio_669.wav,train,0.0,2.4390243902439024,ENGLISH_WORD_REPEAT_BEGINNING_RULE;ENGLISH_WORD_REPEAT_BEGINNING_RULE;ENGLISH_WORD_REPEAT_BEGINNING_RULE,fab52601ab
audio_540.wav,train,0.0,0.0,,c536c245b3
audio_692.wav,train,0.0,0.0,,e317f7e5da
audio_572.wav,train,1.1111111111111112,1.1111111111111112,BEEN_PART_AGREEMENT;LESS_MORE_THEN,3abbf9d400
audio_479.wav,train,0.0,0.0,,c609821c7d
audio_419.wav,train,1.2345679012345678,0.0,BUNCH_OF,16355e5947
audio_5037.wav,train,0.0,0.0,,99f6658b36
audio_433.wav,train,1.6260162601626016,0.0,A_NNS;THE_SUPERLATIVE,803208edaa
audio_405.wav,train,0.7518796992481203,0.7518796992481203,ADVERB_WORD_ORDER;MD_BASEFORM,f46955d695
audio_267.wav,train,0.0,0.0,,baa02de2e7
audio_358.wav,train,0.0,0.7936507936507936,EN_A_VS_AN,cba7421af8
audio_331.wav,train,0.7874015748031497,0.7874015748031497,ENGLISH_WORD_REPEAT_BEGINNING_RULE;DOUBLE_NEGATIVE,c98b9844c4
audio_487.wav,train,0.0,1.2345679012345678,ENGLISH_WORD_REPEAT_RULE,49afb83fa5
audio_494.wav,train,1.5873015873015872,0.0,BEEN_PART_AGREEMENT;THE_NN_AND_THE_NN,6c24c62b36
audio_536.wav,train,1.4492753623188406,0.0,PLACE_COMPOUNDS,c1cc3bdca0
audio_634.wav,train,1.0416666666666667,1.0416666666666667,WHEN_WHERE;THE_IT,e756663b3e
audio_317.wav,train,0.0,0.7352941176470589,LOT_OF,690c79ba08
audio_5054.wav,train,0.0,1.9607843137254901,ENGLISH_WORD_REPEAT_RULE,e63a9cf6f8
audio_723.wav,train,0.0,0.0,,505e8ea564
audio_155.wav,train,0.0,0.0,,5538dcf45e
audio_410.wav,train,0.0,1.0416666666666667,EN_A_VS_AN,b053193055
audio_251.wav,train,0.0,0.0,,8a49dbd1e9
audio_779.wav,train,0.0,0.0,,ea82bf072a
audio_382.wav,train,0.0,0.0,,ea747dd137
audio_559.wav,train,0.0,0.0,,949acdafbd
audio_161.wav,train,0.0,0.0,,fe9348129c
audio_535.wav,train,0.0,0.0,,80ce85c49e
audio_363.wav,train,1.2820512820512822,0.0,THERE_IS_A_LOT_OF,dd4f805665
audio_5057.wav,train,0.0,0.0,,af7d25620c
audio_660.wav,train,0.0,1.6129032258064515,AM_IN_THE_MORNING;ENGLISH_WORD_REPEAT_RULE,2223ea8479
audio_293.wav,train,0.0,0.0,,69c6e42483
audio_74.wav,train,0.0,0.0,,3f85573799
audio_215.wav,train,0.0,0.0,,bf7d6c3fe4
audio_228.wav,train,0.0,0.0,,b73b5633e8
audio_602.wav,train,1.694915254237288,0.0,BUNCH_OF;THE_CC,af7a4a81f8
audio_396.wav,train,0.9259259259259259,1.8518518518518519,ENGLISH_WORD_REPEAT_BEGINNING_RULE;ENGLISH_WORD_REPEAT_BEGINNING_RULE;PHRASE_REPETITION,bd66e588ca
audio_576.wav,train,0.8849557522123894,0.8849557522123894,BE_VBP_IN;ENGLISH_WORD_REPEAT_RULE,7bfeb0f421
audio_5040.wav,train,0.0,0.0,,c2b1bbba0e
audio_198.wav,train,0.0,1.3888888888888888,ENGLISH_WORD_REPEAT_BEGINNING_RULE,11cd12434b
audio_600.wav,train,0.0,2.459016393442623,ENGLISH_WORD_REPEAT_BEGINNING_RULE;ENGLISH_WORD_REPEAT_BEGINNING_RULE;EVERYDAY_EVERY_DAY,1475010c20
audio_710.wav,train,1.25,1.25,MANY_NN;ENGLISH_WORD_REPEAT_RULE,4958cd90fc
audio_246.wav,train,0.0,0.0,,addb012a78
audio_490.wav,train,0.0,1.8867924528301887,ENGLISH_WORD_REPEAT_BEGINNING_RULE;ENGLISH_WORD_REPEAT_RULE,17ac9802f7
audio_657.wav,train,0.0,2.127659574468085,ENGLISH_WORD_REPEAT_BEGINNING_RULE;EN_COMPOUNDS_NIGHT_TIMES,c04e1f59d9
audio_688.wav,train,0.0,0.0,,0f8d10b154
audio_698.wav,train,0.0,0.0,,e63225ef18
audio_499.wav,train,2.6666666666666665,0.0,A_NNS;AGREEMENT_SENT_START,7dc28feb22
audio_463.wav,train,0.0,1.2195121951219512,EN_COMPOUNDS_MACRO_PHOTOGRAPHY,587721de8a
audio_604.wav,train,0.8695652173913043,0.8695652173913043,IS_VBZ;EN_A_VS_AN,d87199c5cb
audio_97.wav,train,0.0,0.0,,bbc79136ea
audio_234.wav,train,0.0,0.0,,71abf353f6
audio_782.wav,train,0.0,0.0,,f632a0a8da
audio_758.wav,train,1.3333333333333333,2.6666666666666665,ENGLISH_WORD_REPEAT_BEGINNING_RULE;ENGLISH_WORD_REPEAT_BEGINNING_RULE;THERE_S_MANY,3e84bf8194
audio_727.wav,train,0.0,0.0,,d1a9d36dff
audio_643.wav,train,0.0,0.0,,5d6115e158
audio_261.wav,train,0.0,0.0,,a5ab352bd0
audio_205.wav,train,0.0,0.9345794392523364,ENGLISH_WORD_REPEAT_RULE,192022a798
audio_128.wav,train,0.0,0.0,,638db3b5a4
audio_650.wav,train,0.0,0.0,,6d32437d35
audio_35.wav,train,0.0,0.0,,2036a5ee18
audio_141.wav,train,0.0,0.0,,ead08dd4a5
audio_260.wav,train,1.2048192771084338,2.4096385542168677,ENGLISH_WORD_REPEAT_RULE;THERE_IS_A_LOT_OF;STREET_LIGHTS_COMPOUND,865b52ae07
audio_722.wav,train,0.0,0.0,,d7add70430
audio_5047.wav,train,0.0,2.816901408450704,ENGLISH_WORD_REPEAT_BEGINNING_RULE;ENGLISH_WORD_REPEAT_BEGINNING_RULE,f4c46827ee
audio_324.wav,train,0.0,0.9009009009009009,ENGLISH_WORD_REPEAT_BEGINNING_RULE,c63f5e3d50
audio_279.wav,train,0.0,0.0,,d85225f1e3
audio_450.wav,train,0.0,2.9702970297029703,COVID_19;ENGLISH_WORD_REPEAT_BEGINNING_RULE;ENGLISH_WORD_REPEAT_BEGINNING_RULE,36d93f6f39
audio_32.wav,train,0.9174311926605505,0.0,THERE_IS_A_LOT_OF,6e3797001c
audio_254.wav,train,1.6129032258064515,1.6129032258064515,EVERY_EACH_SINGULAR;ENGLISH_WORD_REPEAT_RULE,008af59ff4
audio_544.wav,train,5.128205128205129,2.5641025641025643,THE_PUNCT;THE_PUNCT;ETC_PERIOD,cb126dc2fb
audio_176.wav,train,0.0,0.0,,7af6c4623b
audio_301.wav,train,0.0,0.0,,4e65c34b7f
audio_213.wav,train,0.684931506849315,0.0,HAVE_PART_AGREEMENT,49b23108b5
audio_295.wav,train,0.0,0.0,,9a56833ff6
audio_40.wav,train,0.0,1.0101010101010102,EXTREME_ADJECTIVES,cd8cd7c569
audio_496.wav,train,0.0,0.0,,657587812c
audio_45.wav,train,1.2048192771084338,0.0,IT_VBZ,7c387c0d91
audio_146.wav,train,1.0869565217391304,0.0,THERE_IS_A_LOT_OF,430d7fa847
audio_415.wav,train,0.0,1.3888888888888888,WHEN_WHERE,bfd78e663e
audio_595.wav,train,1.1363636363636365,0.0,PROBLEM_SOLVE_HYPHEN,963504ee0a
audio_783.wav,train,0.7194244604316546,0.7194244604316546,THERE_IS_A_LOT_OF;ENGLISH_WORD_REPEAT_RULE,f0ec270b9c
audio_673.wav,train,0.9090909090909091,0.9090909090909091,MOST_SUPERLATIVE;EN_COMPOUNDS_LOW_CARB,4f3ebb6b6e
audio_48.wav,train,0.0,0.0,,28ce105044
audio_777.wav,train,0.0,0.0,,ac24097307
audio_330.wav,train,0.0,1.098901098901099,ENGLISH_WORD_REPEAT_RULE,1f5d9dde9a
audio_200.wav,train,0.0,0.0,,bb81feb82e
audio_259.wav,train,0.0,0.0,,ee59c9b2a0
audio_721.wav,train,0.0,1.2820512820512822,ENGLISH_WORD_REPEAT_RULE,c393fd6ea8
audio_223.wav,train,0.0,0.0,,da35c73ea8
audio_175.wav,train,0.6993006993006993,0.0,PERS_PRONOUN_AGREEMENT,036fb3110a
audio_400.wav,train,0.0,1.8518518518518519,WANNA,19e6bc977a
audio_506.wav,train,0.0,0.9090909090909091,ENGLISH_WORD_REPEAT_RULE,b29fec1b90
audio_153.wav,train,0.8771929824561403,0.8771929824561403,THE_SUPERLATIVE;LOT_OF,5d1a5b2ca4
audio_5050.wav,train,0.0,0.0,,e32ba72f6f
audio_281.wav,train,2.727272727272727,0.0,THERE_IS_A_LOT_OF;PRP_PAST_PART;PRP_PAST_PART,abb6d0480b
audio_543.wav,train,0.8771929824561403,0.0,PLACE_COMPOUNDS,086b4db01b
audio_445.wav,train,3.0303030303030303,1.0101010101010102,PHRASE_REPETITION;ENGLISH_WORD_REPEAT_RULE;PHRASE_REPETITION;PHRASE_REPETITION,e7e58cea44
audio_124.wav,train,2.127659574468085,1.0638297872340425,BUNCH_OF;BUNCH_OF;EXTREME_ADJECTIVES,c7203be08c
audio_249.wav,train,0.0,2.5641025641025643,YOUTUBE,bbdf61ca76
audio_420.wav,train,0.0,0.0,,fcf0030836
audio_203.wav,train,0.0,0.0,,09f73d60ed
audio_278.wav,train,1.492537313432836,0.0,THERE_WAS_MANY,f850f83627
audio_516.wav,train,0.0,0.0,,b74f37f57b
audio_326.wav,train,0.0,0.0,,600c76e6bb
audio_603.wav,train,1.7241379310344827,0.0,MOST_COMPARATIVE;THERE_S_MANY,55e729c89c
audio_199.wav,train,1.1764705882352942,0.0,A_TO,105ef9fc5a
audio_406.wav,train,0.0,0.0,,3783561bc3
audio_538.wav,train,0.0,0.0,,8e98da2b6d
audio_631.wav,train,0.7352941176470589,1.4705882352941178,SUPERLATIVE_NUMBER;EN_COMPOUNDS_HOME_GROWN;ENGLISH_WORD_REPEAT_BEGINNING_RULE,9833955cc2
audio_5061.wav,train,0.0,0.0,,ba340681be
audio_196.wav,train,2.0,0.0,MOST_COMPARATIVE,099579564c
audio_756.wav,train,0.0,0.0,,6860e7b55e
audio_649.wav,train,0.0,0.0,,a6cd9a3930
audio_27.wav,train,0.0,2.9411764705882355,ENGLISH_WORD_REPEAT_RULE;EXTREME_ADJECTIVES,0a81822151
audio_681.wav,train,0.0,0.0,,25343ebf8a
audio_556.wav,train,0.0,0.0,,df6e884427
audio_185.wav,train,0.0,0.0,,82403ff48f
audio_369.wav,train,0.0,0.0,,e28e7827bc
audio_241.wav,train,0.704225352112676,0.0,PCT_PLURAL_NOUN_SINGULAR_VERB_AGREEMENT,c24794036f
audio_98.wav,train,1.5873015873015872,1.5873015873015872,EN_COMPOUNDS_SO_AND_SO;HE_VERB_AGR,8e7278b791
audio_389.wav,train,0.0,0.78125,ENGLISH_WORD_REPEAT_BEGINNING_RULE,8aed6ee065
audio_357.wav,train,1.1363636363636365,2.272727272727273,ENGLISH_WORD_REPEAT_RULE;THE_PUNCT;ENGLISH_WORD_REPEAT_RULE,8d83f14ff2
audio_112.wav,train,1.0101010101010102,0.0,ADVERB_VERB_ADVERB_REPETITION,514e7f2c33
audio_675.wav,train,0.0,0.0,,def31f82e6
audio_113.wav,train,0.0,1.1111111111111112,EN_COMPOUNDS_LUNCH_TIME,732eddc0c6
audio_483.wav,train,0.0,0.0,,76b8474144
audio_474.wav,train,0.0,0.0,,eef5ad761b
audio_725.wav,train,0.0,0.0,,27e04e6d36
audio_774.wav,train,1.1111111111111112,0.0,THERE_S_MANY,27272000e4
audio_588.wav,train,0.0,0.0,,a9d94d5c79
audio_395.wav,train,1.5384615384615385,1.5384615384615385,PHRASE_REPETITION;ENGLISH_WORD_REPEAT_RULE;PHRASE_REPETITION;HOME_COMPOUNDS_EN_US,43b3a670e7
audio_210.wav,train,0.0,0.0,,91438455d4
audio_309.wav,train,0.0,2.9411764705882355,ENGLISH_WORD_REPEAT_BEGINNING_RULE,773c784830
audio_457.wav,train,1.7094017094017093,0.0,FEWER_LESS;ADMIT_ENJOY_VB,720fe7784c
audio_492.wav,train,0.0,0.0,,861f326593
audio_738.wav,train,0.0,0.0,,860b0d1787
audio_305.wav,train,0.704225352112676,0.0,THERE_IS_A_LOT_OF,bd679dba63
audio_123.wav,train,0.0,0.0,,fed3a44a57
audio_5053.wav,train,0.0,0.0,,690aaf62b7
audio_89.wav,train,1.1904761904761905,0.0,ARE_WE_HAVE,da16424951
audio_747.wav,train,1.408450704225352,0.0,MUCH_COUNTABLE,026846df02
audio_115.wav,train,2.5641025641025643,0.0,BEEN_PART_AGREEMENT;A_UNCOUNTABLE,1ca387c512
audio_235.wav,train,0.0,1.3513513513513513,IN_A_ISLAND,61101e5786
audio_414.wav,train,0.0,0.0,,41e136622d
audio_56.wav,train,2.127659574468085,1.0638297872340425,THERE_IS_A_LOT_OF;ENGLISH_WORD_REPEAT_RULE;THERE_IS_A_LOT_OF,474567e549
audio_43.wav,train,1.5151515151515151,0.0,MD_BE_NON_VBP,dbafefd2d9
audio_394.wav,train,0.0,0.0,,29db1f3181
audio_423.wav,train,0.0,0.0,,c13fbfad41
audio_579.wav,train,0.0,0.0,,623914ba40
audio_172.wav,train,0.0,0.0,,f886062453
audio_144.wav,train,0.0,0.0,,80397956aa
audio_151.wav,train,0.0,2.898550724637681,EN_COMPOUNDS_MINI_GAMES;ENGLISH_WORD_REPEAT_RULE,b4e08bcec3
audio_65.wav,train,2.2988505747126435,0.0,BUNCH_OF;BUNCH_OF,538979f69e
audio_481.wav,train,0.0,0.0,,7bb179dd19
audio_262.wav,train,0.8695652173913043,0.0,PLURAL_VERB_AFTER_THIS,3911b172a0
audio_229.wav,train,0.0,0.0,,5212c3f6e2
audio_22.wav,train,0.0,1.9801980198019802,EXTREME_ADJECTIVES;IN_A_ISLAND,6093a3fb8c
audio_434.wav,train,0.0,0.0,,2b974d1893
audio_488.wav,train,0.7751937984496124,1.550387596899225,AUXILIARY_DO_WITH_INCORRECT_VERB_FORM;ENGLISH_WORD_REPEAT_RULE;GO_TO_HOME,7727bc4a8e
audio_439.wav,train,0.0,1.098901098901099,IN_A_X_MANNER,cff6e5b88b
audio_160.wav,train,0.0,0.0,,125c1c5040
audio_594.wav,train,0.0,0.0,,043b8dc509
audio_651.wav,train,0.0,0.9615384615384616,OUTSIDE_OF,7dec02d1ca
audio_569.wav,train,0.0,0.0,,dcbddd52be
audio_440.wav,train,0.0,1.4285714285714286,EN_COMPOUNDS_NIGHT_TIME,6afea5c44b
audio_658.wav,train,0.0,0.0,,3ecb170368
audio_274.wav,train,0.0,0.0,,7e3d2f89d6
audio_5065.wav,train,0.0,2.0202020202020203,ADVERB_WORD_ORDER;DIFFERENT_THAN,699e5c2776
audio_158.wav,train,0.0,0.8620689655172413,EN_A_VS_AN,97d45cae1a
audio_493.wav,train,1.1235955056179776,0.0,PROBLEM_SOLVE_HYPHEN,559930547c
audio_646.wav,train,0.0,0.0,,09047be8df
audio_64.wav,train,0.0,0.0,,62e7c94cf0
audio_451.wav,train,0.0,0.0,,09caecc294
audio_277.wav,train,0.0,0.0,,daa342628c
audio_491.wav,train,0.0,0.0,,aa788b39d4
audio_52.wav,train,1.7094017094017093,0.0,HAVE_PART_AGREEMENT;PHRASE_REPETITION,aec4605f65
audio_743.wav,train,0.0,0.0,,5dfe297279
audio_243.wav,train,0.0,1.4705882352941178,GOOD_IN_AT,446cdffbb1
audio_661.wav,train,0.0,0.0,,6111be8bc7
audio_456.wav,train,0.0,0.0,,00bdfbd1e6
audio_90.wav,train,0.0,0.0,,a538056b07
audio_735.wav,train,0.0,0.0,,22b42e8c0f
audio_775.wav,train,0.0,0.0,,d904b5679f
audio_587.wav,train,1.8018018018018018,0.0,HAVE_PART_AGREEMENT;BUNCH_OF,83d17093a9
audio_103.wav,train,0.0,0.0,,c605c5c613
audio_111.wav,train,0.0,0.0,,ca897e12f7
audio_421.wav,train,0.0,0.0,,de5e22ec7a
audio_683.wav,train,1.550387596899225,0.0,A_UNCOUNTABLE;THERE_S_MANY,2b466c9cfd
audio_152.wav,train,0.0,0.0,,e95a0e5994
audio_134.wav,train,0.0,1.25,ENGLISH_WORD_REPEAT_BEGINNING_RULE,40ca0984e5
audio_12.wav,train,0.0,0.0,,eecfc9b88c
audio_232.wav,train,0.0,0.0,,2a852b6aea
audio_36.wav,train,0.0,1.1627906976744187,FIRST_OF_ALL,e3c903ee30
audio_268.wav,train,0.0,0.0,,7822298313
audio_68.wav,train,0.0,0.0,,b207555892
audio_729.wav,train,1.3888888888888888,1.3888888888888888,DETERMINER_GEOGRAPHICAL_WORD;THE_FALL_SEASON,a01ead1b64
audio_247.wav,train,0.0,0.0,,bfb2086e14
audio_224.wav,train,0.0,0.0,,33f960c3c5
audio_425.wav,train,0.0,0.0,,b24037fcc9
audio_392.wav,train,0.6622516556291391,1.3245033112582782,EXTREME_ADJECTIVES;BE_I_BE_GERUND;IN_OR_WITH_REGARDS_TO_OF,669ebbd3a3
audio_615.wav,train,0.0,1.6129032258064515,ENGLISH_WORD_REPEAT_BEGINNING_RULE;ENGLISH_WORD_REPEAT_BEGINNING_RULE,ec4d41c781
audio_245.wav,train,0.0,0.0,,750f9a48a0
audio_271.wav,train,0.0,0.0,,4ede789ed9
audio_321.wav,train,1.5384615384615385,0.0,THIS_NNS;PHRASE_REPETITION,fb13c31315
audio_5043.wav,train,0.0,0.0,,cce768ffcf
audio_187.wav,train,0.0,0.0,,e2b6180c56
audio_221.wav,train,0.7092198581560284,0.0,NOT_LONGER,687635ed31
audio_219.wav,train,0.0,1.3605442176870748,ENGLISH_WORD_REPEAT_BEGINNING_RULE;ENGLISH_WORD_REPEAT_BEGINNING_RULE,d4a7350b2d
audio_601.wav,train,0.0,0.0,,38d42a9cc4
audio_100.wav,train,0.0,0.0,,705c09a1ca
audio_227.wav,train,0.0,0.0,,94e30e08f4
audio_411.wav,train,1.2048192771084338,1.2048192771084338,THERE_WAS_MANY;ENGLISH_WORD_REPEAT_RULE,88c956efaa
audio_28.wav,train,0.0,0.0,,bea84e0855
audio_653.wav,train,0.0,0.0,,8051bb7035
audio_29.wav,train,0.0,1.694915254237288,ENGLISH_WORD_REPEAT_BEGINNING_RULE;ENGLISH_WORD_REPEAT_BEGINNING_RULE,30bfb50261
audio_470.wav,train,1.0309278350515463,1.0309278350515463,ENGLISH_WORD_REPEAT_RULE;BUNCH_OF,c0f8c5172c
audio_356.wav,train,0.0,0.0,,ff11fdb38f
audio_365.wav,train,0.0,0.0,,4190c8b98d
audio_58.wav,train,0.0,0.0,,39d0d06b6e
audio_708.wav,train,0.0,1.1363636363636365,REASON_IS_BECAUSE,1352eaee90
audio_319.wav,train,0.0,0.8333333333333334,ENGLISH_WORD_REPEAT_BEGINNING_RULE,72065cce06
audio_5067.wav,train,0.0,0.0,,4bb78a84d3
audio_135.wav,train,0.0,0.0,,bc401a09aa
audio_612.wav,train,0.0,0.0,,b854a3926a
audio_373.wav,train,0.0,0.0,,fe8a178ad4
audio_680.wav,train,0.0,0.0,,ac31ce52d1
audio_63.wav,train,0.0,0.9174311926605505,ENGLISH_WORD_REPEAT_RULE,79869a5b71
audio_700.wav,train,0.0,0.9090909090909091,VERB_NOUN_CONFUSION,8d6a5b9acd
audio_429.wav,train,0.8,1.6,THE_FALL_SEASON;PRP_REPITION;ETC_PERIOD,22ed7afa59
audio_745.wav,train,0.0,0.8771929824561403,EXTREME_ADJECTIVES,b5903e8900
audio_731.wav,train,2.0,0.0,THERE_IS_A_LOT_OF,29488f1f14
audio_461.wav,train,0.0,0.0,,6b1f76395c
audio_79.wav,train,0.0,1.36986301369863,ENGLISH_WORD_REPEAT_BEGINNING_RULE,921fc646f0
audio_5038.wav,train,0.0,2.3255813953488373,ENGLISH_WORD_REPEAT_BEGINNING_RULE;ENGLISH_WORD_REPEAT_BEGINNING_RULE;ENGLISH_WORD_REPEAT_BEGINNING_RULE;ENGLISH_WORD_REPEAT_BEGINNING_RULE;ENGLISH_WORD_REPEAT_BEGINNING_RULE;ENGLISH_WORD_REPEAT_BEGINNING_RULE;ENGLISH_WORD_REPEAT_BEGINNING_RULE;ENGLISH_WORD_REPEAT_BEGINNING_RULE;ENGLISH_WORD_REPEAT_BEGINNING_RULE;ENGLISH_WORD_REPEAT_BEGINNING_RULE;ENGLISH_WORD_REPEAT_BEGINNING_RULE,a5cb7ce1d4
audio_760.wav,train,0.0,0.7407407407407407,ENGLISH_WORD_REPEAT_BEGINNING_RULE,4546164ea8
audio_72.wav,train,0.0,1.9607843137254901,EXTREME_ADJECTIVES;EXTREME_ADJECTIVES,2d167e6cad
audio_696.wav,train,0.8333333333333334,0.8333333333333334,REASON_IS_BECAUSE;HOUR_HYPHEN,ded9d4c7f4
audio_744.wav,train,0.0,0.0,,73294d3e84
audio_662.wav,train,0.0,0.0,,663a2bb372
audio_570.wav,train,0.0,0.0,,56de788e6c
audio_10.wav,train,0.0,0.0,,5e20098398
audio_628.wav,train,2.6548672566371683,0.0,DT_RB_IN;A_QUITE_WHILE;MISSING_TO_BEFORE_A_VERB,b8b19ee882
audio_606.wav,train,0.0,0.0,,a286d8621b
audio_73.wav,train,0.0,0.0,,e79b2c82e2
audio_605.wav,train,0.0,2.7777777777777777,ENGLISH_WORD_REPEAT_RULE,7e60d67795
audio_106.wav,train,0.0,0.0,,bfe4a0cb10
audio_306.wav,train,0.0,0.8064516129032258,DIFFERENT_THAN,c6fe8a04f1
audio_75.wav,train,1.0101010101010102,0.0,BEEN_PART_AGREEMENT,ee9b7573b4
audio_550.wav,train,0.0,0.0,,40c293cbc7
audio_340.wav,train,0.0,1.0869565217391304,EXTREME_ADJECTIVES,cffd0a6125
audio_272.wav,train,0.0,1.36986301369863,ENGLISH_WORD_REPEAT_BEGINNING_RULE,8cbdafe410
audio_518.wav,train,0.0,0.7407407407407407,EN_COMPOUNDS_STRESS_FREE,bec5e53de7
audio_34.wav,train,0.0,2.127659574468085,FIRST_OF_ALL;FIRST_OF_ALL,63272cdd3f
audio_87.wav,train,1.1363636363636365,0.0,IT_VBZ,01356c762b
audio_211.wav,train,0.0,0.6944444444444444,IN_THE_MOMENT,300ceed6f8
audio_431.wav,train,0.0,3.092783505154639,ENGLISH_WORD_REPEAT_RULE;ENGLISH_WORD_REPEAT_RULE;ADVERB_WORD_ORDER,60a7da9b4b
audio_555.wav,train,0.0,0.8064516129032258,EN_A_VS_AN,743565eab5
audio_648.wav,train,0.0,0.0,,d37484d769
audio_5051.wav,train,0.0,0.0,,c6bab8ae41
audio_422.wav,train,0.0,0.0,,3ea6a25dbe
audio_627.wav,train,0.0,0.0,,3ad5fb7c75
audio_122.wav,train,0.0,0.0,,1123da7ef1
audio_88.wav,train,0.0,0.0,,9b42b1ec46
audio_165.wav,train,0.0,1.2195121951219512,EN_COMPOUNDS_ALL_ROUNDER,5e7ca22f31
audio_276.wav,train,0.0,0.9259259259259259,ENGLISH_WORD_REPEAT_RULE,d1dbde77a2
audio_746.wav,train,0.0,0.0,,1393657eae
audio_252.wav,train,2.0,0.0,EVERY_EACH_SINGULAR,4b006481a0
audio_266.wav,train,0.0,0.0,,d36c62644c
audio_611.wav,train,0.0,0.0,,47c84bfee1
audio_5058.wav,train,0.0,0.0,,13d581e578
audio_81.wav,train,0.0,1.0,ENGLISH_WORD_REPEAT_RULE,c39a25df9a
audio_3.wav,train,1.2658227848101267,0.0,PEOPLE_VBZ,dabec7c47a
audio_21.wav,train,2.4096385542168677,2.4096385542168677,DEPEND_ON;ENGLISH_WORD_REPEAT_RULE;EN_A_VS_AN;A_NNS,48b643831f
audio_190.wav,train,0.0,0.0,,cc71c61a6a
audio_189.wav,train,0.0,0.0,,7f9aaee646
audio_519.wav,train,0.0,0.0,,1f70c1587a
audio_748.wav,train,0.0,2.272727272727273,EN_A_VS_AN;ENGLISH_WORD_REPEAT_BEGINNING_RULE,213b946fad
audio_505.wav,train,0.0,0.0,,11954f817c
audio_361.wav,train,0.0,2.7027027027027026,ENGLISH_WORD_REPEAT_BEGINNING_RULE,acd02aa517
audio_5052.wav,train,0.0,0.0,,aea659dbf7
audio_16.wav,train,0.0,0.0,,0da86f49af
audio_327.wav,train,0.7407407407407407,0.0,ADVERB_VERB_ADVERB_REPETITION,154164128c
audio_313.wav,train,1.2987012987012987,0.0,PHRASE_REPETITION,3a92d1ed90
audio_589.wav,train,0.0,1.1904761904761905,ENGLISH_WORD_REPEAT_RULE,72940223ec
audio_416.wav,train,0.0,3.1496062992125986,ENGLISH_WORD_REPEAT_BEGINNING_RULE;ENGLISH_WORD_REPEAT_BEGINNING_RULE;ENGLISH_WORD_REPEAT_BEGINNING_RULE;FOCUS_IN,048acdb695
audio_762.wav,train,0.7142857142857143,0.0,THE_PUNCT,3a7c19edd7
audio_714.wav,train,0.0,0.0,,278afc7ca6
audio_455.wav,train,0.0,0.0,,47348610eb
audio_42.wav,train,0.0,0.0,,ebbf48f083
audio_561.wav,train,0.0,1.0101010101010102,EN_COMPOUNDS_MERRY_GO_ROUND,3ce3ee379a
audio_226.wav,train,0.0,0.0,,b5d3d02136
audio_110.wav,train,0.0,0.0,,7fb1c34f0a
audio_739.wav,train,0.0,0.0,,852831dff1
audio_504.wav,train,0.8547008547008547,1.7094017094017093,ENGLISH_WORD_REPEAT_RULE;ENGLISH_WORD_REPEAT_RULE;REPEATED_VERBS,20bd0072a0
audio_379.wav,train,0.0,0.0,,527c6c2451
audio_520.wav,train,1.7699115044247788,0.0,MANY_NN_U;PRP_HAVE_VB,6f8e624db5
audio_5068.wav,train,0.0,0.0,,ead8cc1a23
audio_30.wav,train,0.0,0.0,,98b2d18e4c
audio_5041.wav,train,0.0,0.0,,ccd1a897cf
audio_485.wav,train,0.0,0.0,,2b240b0d7e
audio_475.wav,train,0.0,1.5151515151515151,EVERYDAY_EVERY_DAY,e076213a9c
audio_145.wav,train,0.0,0.0,,b925dd882f
audio_308.wav,train,0.0,1.0869565217391304,ENGLISH_WORD_REPEAT_BEGINNING_RULE,347e6c7aec
audio_184.wav,train,0.0,0.8547008547008547,ENGLISH_WORD_REPEAT_BEGINNING_RULE,992cacd954
audio_586.wav,train,1.9607843137254901,0.0,MD_BASEFORM;KIND_OF_A,7f2d98a451
audio_398.wav,train,1.2048192771084338,0.0,MOST_COMPARATIVE,927a3d0629
audio_726.wav,train,0.0,0.0,,ca792703e5
audio_466.wav,train,0.970873786407767,0.0,IT_VBZ,6d054f8735
audio_218.wav,train,0.0,0.0,,079d1d9016
audio_644.wav,train,0.0,0.0,,f7dc391796
audio_351.wav,train,0.0,0.0,,c2a1607601
audio_248.wav,train,0.0,0.0,,cb15949cae
audio_83.wav,train,0.0,0.0,,38efb37fe0
audio_71.wav,train,0.0,0.0,,63a22ce054
audio_287.wav,train,0.0,0.0,,fd984bd059
audio_367.wav,train,1.5384615384615385,0.0,MANY_KINDS_OF,caad53a896
audio_166.wav,train,0.0,0.0,,9caf17784e
audio_94.wav,train,1.3333333333333333,1.3333333333333333,BUNCH_OF;EN_COMPOUNDS_LUNCH_TIME,aa2f4c8616
audio_108.wav,train,0.7407407407407407,0.0,ONE_OF,10316af366
audio_511.wav,train,0.0,0.0,,afc2686768
audio_5059.wav,train,0.0,1.0309278350515463,EXTREME_ADJECTIVES,7caa45071f
audio_310.wav,train,1.2658227848101267,1.2658227848101267,ENGLISH_WORD_REPEAT_BEGINNING_RULE;SOFTWARES,86d003159e
audio_50.wav,train,3.1578947368421053,0.0,THERE_S_MANY;BUNCH_OF;BUNCH_OF,e7d02c30bb
audio_6.wav,train,0.0,0.0,,4b2c311d90
audio_515.wav,train,0.0,0.9345794392523364,ENGLISH_WORD_REPEAT_RULE,0e7f17a7f1
audio_742.wav,train,0.0,0.0,,72307a4ce9
audio_545.wav,train,1.8181818181818181,0.0,WANT_TO_NN;THIS_NNS,61bd70b5a3
audio_489.wav,train,0.0,1.8181818181818181,WHEN_WHERE;ENGLISH_WORD_REPEAT_RULE,26520a8c3a
audio_697.wav,train,0.0,0.7936507936507936,REASON_IS_BECAUSE,1bb923d3c1
audio_225.wav,train,0.0,1.8518518518518519,EXTREME_ADJECTIVES;ENGLISH_WORD_REPEAT_RULE,a3dd3debcd
audio_553.wav,train,0.0,0.0,,96101309d4
audio_237.wav,train,1.25,3.75,ENGLISH_WORD_REPEAT_RULE;ENGLISH_WORD_REPEAT_RULE;PHRASE_REPETITION;ENGLISH_WORD_REPEAT_RULE,86aa76d1b4
audio_197.wav,train,0.0,0.0,,63818ef8a2
audio_449.wav,train,0.0,0.0,,1e1c8dd29e
audio_567.wav,train,0.0,0.0,,84d643f3a3
audio_477.wav,train,0.0,0.0,,2a34e462cc
audio_728.wav,train,0.0,0.0,,c7185c2ccd
audio_377.wav,train,4.761904761904762,0.0,NNS_THAT_AGREEMENT;ADVERB_VERB_ADVERB_REPETITION,812fff4c22
audio_633.wav,train,1.7857142857142858,0.0,LIFE_CHANGING_HYPHEN;LIFE_CHANGING_HYPHEN,7c4f3adda7
audio_690.wav,train,1.7857142857142858,1.7857142857142858,MOST_COMPARATIVE;MOST_EVERYONE,6523b44c12
audio_525.wav,train,0.6944444444444444,0.0,PRP_VB,306e6bacd4
audio_31.wav,train,0.0,1.1627906976744187,EXTREME_ADJECTIVES,0fe77e0423
audio_676.wav,train,0.0,0.0,,c502051979
audio_263.wav,train,0.0,1.1111111111111112,ENGLISH_WORD_REPEAT_BEGINNING_RULE,d71036b3ae
audio_5070.wav,train,0.0,3.125,ENGLISH_WORD_REPEAT_RULE,51ebe5305c
audio_510.wav,train,0.0,0.0,,103c712fec
audio_577.wav,train,0.0,1.5873015873015872,ENGLISH_WORD_REPEAT_RULE,3fa709db34
audio_230.wav,train,0.0,0.0,,b128fef4e3
audio_314.wav,train,1.0526315789473684,1.0526315789473684,PHRASE_REPETITION;ENGLISH_WORD_REPEAT_RULE,7c2ea8fe10
audio_641.wav,train,0.0,0.0,,063fb6c35c
audio_689.wav,train,1.0416666666666667,4.166666666666667,ENGLISH_WORD_REPEAT_BEGINNING_RULE;REPEATED_VERBS;ENGLISH_WORD_REPEAT_BEGINNING_RULE;GONNA;ENGLISH_WORD_REPEAT_RULE,a5b076426f
audio_352.wav,train,0.0,0.0,,c714eef05e
audio_193.wav,train,0.0,0.0,,3abb954295
audio_5049.wav,train,0.0,0.0,,50762e5461
audio_300.wav,train,0.0,0.0,,8768b58095
audio_581.wav,train,0.0,1.9607843137254901,EN_A_VS_AN,f7a1b26df7
audio_164.wav,train,0.0,0.0,,2cd7bf7e82
audio_502.wav,train,2.7027027027027026,0.9009009009009009,HAVE_RB_HAVE;A_BIT;PHRASE_REPETITION;ENGLISH_WORD_REPEAT_RULE,a69ea48374
audio_380.wav,train,0.0,0.0,,ca72f92e67
audio_15.wav,train,0.0,1.2195121951219512,FIRST_OF_ALL,b6b47487a8
audio_238.wav,train,0.0,0.0,,09d180bc32
audio_53.wav,train,1.2048192771084338,2.4096385542168677,EXTREME_ADJECTIVES;AT_IN_THE_KITCHEN;PHRASE_REPETITION,1e5e05b30a
audio_283.wav,train,0.0,0.0,,90541cafb8
audio_614.wav,train,0.0,0.0,,cdd994db00
audio_121.wav,train,0.0,0.0,,365c97595a
audio_216.wav,train,0.0,0.0,,58f113f879
audio_552.wav,train,0.0,0.0,,0e3c87dfe1
audio_514.wav,train,1.1904761904761905,1.1904761904761905,ETC_PERIOD;THERE_S_MANY,37e0b37b53
audio_593.wav,train,0.9900990099009901,0.0,PROBLEM_SOLVE_HYPHEN,b4ec239e91
audio_565.wav,train,0.0,0.0,,f729d3624d
audio_140.wav,train,0.0,0.0,,651edb8801
audio_117.wav,train,1.5384615384615385,0.0,PCT_SINGULAR_NOUN_PLURAL_VERB_AGREEMENT,8dc9de7934
audio_495.wav,train,0.8620689655172413,0.0,PRONOUN_NOUN,bf31241a6d
audio_652.wav,train,0.0,2.2988505747126435,WHOLE_LOT;ENGLISH_WORD_REPEAT_BEGINNING_RULE,ad2bf4a321
audio_645.wav,train,1.7699115044247788,0.0,PHRASE_REPETITION;PRP_JJ,a62cf6a5f8
audio_242.wav,train,1.492537313432836,0.0,A_NNS,947ff5a851
audio_4.wav,train,0.0,1.941747572815534,OUTSIDE_OF;ENGLISH_WORD_REPEAT_RULE,c4cf5c8967
audio_93.wav,train,1.0101010101010102,0.0,BE_VBP_IN,1428242cff
audio_582.wav,train,0.0,0.0,,06f20bfba0
audio_222.wav,train,0.0,1.0416666666666667,MONTH_OF_XXXX,7fa386a81d
audio_5042.wav,train,0.0,0.0,,1d0ebeb107
audio_253.wav,train,0.0,0.0,,99ba2b0e73
audio_167.wav,train,0.0,0.0,,5f87629589
audio_583.wav,train,0.0,0.9900990099009901,MENTION_ABOUT,a888c7ab10
audio_682.wav,train,0.0,0.0,,0342d9d9e7
audio_5045.wav,train,0.0,0.0,,5a642d77c7
audio_173.wav,train,0.0,2.0618556701030926,EN_A_VS_AN;EN_A_VS_AN,c8d9366201
audio_338.wav,train,0.0,0.0,,635786b2d1
audio_188.wav,train,0.0,0.0,,433f7e7804
audio_59.wav,train,0.0,2.0202020202020203,ENGLISH_WORD_REPEAT_BEGINNING_RULE;ENGLISH_WORD_REPEAT_BEGINNING_RULE,e7e1651b6c
audio_318.wav,train,0.0,0.0,,326ae4486b
audio_17.wav,train,0.0,0.0,,2969031371
audio_551.wav,train,0.0,0.0,,ea11f50706
audio_275.wav,train,0.0,0.0,,2597020237
audio_368.wav,train,0.7751937984496124,0.7751937984496124,EN_COMPOUNDS_JET_LAGGED;HAVE_PART_AGREEMENT,30227717cd
audio_730.wav,train,0.0,0.0,,6177e0f8dc
audio_5060.wav,train,0.0,0.0,,98c69d3cbc
audio_685.wav,train,0.0,0.0,,5c262429b1
audio_7.wav,train,0.0,0.0,,65008fb200
audio_204.wav,train,0.0,0.0,,25ecf3a2a0
audio_5064.wav,train,0.0,0.0,,1a52dd4f4e
audio_127.wav,train,0.0,0.0,,1fa2e0b734
audio_412.wav,train,0.0,0.0,,fd18e10de5
audio_132.wav,train,0.0,0.0,,9a788c4673
audio_156.wav,train,0.0,0.0,,f08c2aeb32
audio_426.wav,train,0.0,0.0,,771d75ada3
audio_709.wav,train,0.0,0.0,,74a0bf9a1f
audio_291.wav,train,0.0,2.2988505747126435,ENGLISH_WORD_REPEAT_BEGINNING_RULE;ENGLISH_WORD_REPEAT_BEGINNING_RULE,6cc0430372
audio_523.wav,train,0.0,0.0,,f18fe6f1c1
audio_632.wav,train,0.0,0.970873786407767,VERY_UNIQUE,2f9664f2aa
audio_684.wav,train,0.0,0.0,,4016afb0b3
audio_512.wav,train,2.3255813953488373,0.0,BEEN_PART_AGREEMENT,e34c4147e5
audio_764.wav,train,0.0,0.0,,d95d497b71
audio_585.wav,train,0.0,0.0,,da634efa5d
audio_562.wav,train,1.7699115044247788,0.0,HE_VERB_AGR;MD_BE_NON_VBP,ed43a504d3
audio_465.wav,train,1.7391304347826086,0.0,THIS_NNS;WAKE_UP_HYPHEN,db0b193830
audio_37.wav,train,0.0,0.0,,4da14f4eee
audio_47.wav,train,1.075268817204301,0.0,PHRASE_REPETITION,fe5b0ad69d
audio_233.wav,train,0.0,0.0,,a4f8a7e8d4
audio_621.wav,train,0.0,0.0,,a6a3851139
audio_590.wav,train,0.0,0.0,,7395231921
audio_349.wav,train,0.0,2.247191011235955,IN_A_X_MANNER;ENGLISH_WORD_REPEAT_BEGINNING_RULE,819b2de021
audio_387.wav,train,0.0,0.0,,4370ebac19
audio_630.wav,train,0.8333333333333334,0.8333333333333334,THE_PUNCT;ENGLISH_WORD_REPEAT_BEGINNING_RULE,787b219bcf
audio_5046.wav,train,0.0,0.0,,991d294b7d
audio_183.wav,train,0.0,0.0,,d555c810fa
audio_607.wav,train,0.0,0.0,,c3e45d9ed9
audio_133.wav,train,0.0,0.0,,80ee72b7c4
audio_443.wav,train,0.0,0.0,,65cdb862ad
audio_55.wav,train,0.0,0.0,,a177190f7d
audio_686.wav,train,3.125,1.5625,REPEATED_VERBS;PHRASE_REPETITION;ENGLISH_WORD_REPEAT_RULE,f8a5ed3092
audio_740.wav,train,0.0,0.0,,5adee96bc7
audio_699.wav,train,0.0,2.0,ENGLISH_WORD_REPEAT_RULE;ENGLISH_WORD_REPEAT_BEGINNING_RULE,a7948c8e07
audio_44.wav,train,0.0,0.9090909090909091,IN_OR_WITH_REGARDS_TO_OF,d104099e23
audio_500.wav,train,0.0,0.0,,cdcf11d630
audio_265.wav,train,0.0,1.4705882352941178,GONNA,d80b9c3de1
audio_125.wav,train,2.4691358024691357,0.0,BUNCH_OF;BUNCH_OF,b8ddf47435
audio_413.wav,train,0.0,0.0,,961737cadb
audio_256.wav,train,0.0,0.0,,c8ca70cfa4
audio_350.wav,train,0.0,0.819672131147541,VERY_UNIQUE,de086058d1
audio_364.wav,train,0.0,0.0,,893d37540e
audio_131.wav,train,0.0,0.0,,1838c16b13
audio_168.wav,train,0.0,0.0,,86b233f474
audio_557.wav,train,0.0,1.1111111111111112,GONNA,154b74146d
audio_670.wav,train,0.0,0.8130081300813008,ENGLISH_WORD_REPEAT_BEGINNING_RULE,7df09cf1c8
audio_342.wav,train,0.9523809523809523,0.0,BEEN_PART_AGREEMENT,9df7634d23
audio_2.wav,train,0.0,0.0,,b321b35ac3
audio_5048.wav,train,1.1235955056179776,0.0,DT_PRP,70007b16ef
audio_741.wav,train,0.0,0.0,,e5022961ed
audio_294.wav,train,0.0,0.0,,446b9c85a7
audio_370.wav,train,0.0,0.0,,9dff1700ff
audio_417.wav,train,0.0,0.0,,2962de6783
audio_753.wav,train,0.0,0.0,,5a75e3fef3
audio_533.wav,train,0.684931506849315,0.0,MD_BASEFORM,3b21df4981
audio_239.wav,train,0.0,0.0,,45718f8371
audio_566.wav,train,0.0,1.1363636363636365,ENGLISH_WORD_REPEAT_BEGINNING_RULE,7ffcae2d70
audio_736.wav,train,0.0,0.0,,dc9b3727c9
audio_541.wav,train,2.247191011235955,2.247191011235955,THIS_NNS;THIS_NNS;ENGLISH_WORD_REPEAT_RULE;ENGLISH_WORD_REPEAT_RULE,cf04fd5884
audio_531.wav,train,1.9230769230769231,0.0,DT_RB_IN;THERE_RE_MANY,f1aa20ddbb
audio_280.wav,train,0.9259259259259259,0.0,THERE_IS_A_LOT_OF,c2c53cd3dc
audio_33.wav,train,1.2048192771084338,0.0,COLLECTIVE_NOUN_VERB_AGREEMENT_VBP,0c9583b07a
audio_307.wav,train,0.0,1.342281879194631,EXTREME_ADJECTIVES;SUMMER_TIME,a82b94de74
audio_617.wav,train,0.0,0.0,,d9d1def11f
audio_613.wav,train,0.0,0.7692307692307693,BORED_OF,d3134330d8
audio_472.wav,train,0.0,0.0,,3bb8a56b59
audio_568.wav,train,1.694915254237288,0.0,DT_PRP,180eb89a64
audio_521.wav,train,0.0,0.7751937984496124,EN_COMPOUNDS_STRESS_FREE,642a5e9935
audio_401.wav,train,0.7692307692307693,0.7692307692307693,PRP_RB_NO_VB;ENGLISH_WORD_REPEAT_RULE,39f8eb7f92
audio_573.wav,train,2.150537634408602,1.075268817204301,DT_PRP;RUNNER_UP_HYPHEN;ENGLISH_WORD_REPEAT_RULE,316f4c0f92
audio_180.wav,train,0.0,0.0,,a67d9514ed
audio_320.wav,train,0.0,0.0,,d5a50cc4b4
audio_85.wav,train,0.0,0.0,,b0942b0b9d
audio_296.wav,train,0.0,2.2988505747126435,GET_TOGETHER_HYPHEN;ENGLISH_WORD_REPEAT_RULE,15c3ad3ce0
audio_250.wav,train,0.0,0.0,,7f9a5d3b33
audio_346.wav,train,0.0,0.7407407407407407,OUTSIDE_OF,8a3d5e89bf
audio_335.wav,train,1.0,0.0,DO_YOU_WHAT,6a31d0e795
audio_20.wav,train,0.0,0.0,,34a58b7f75
audio_5071.wav,train,0.0,0.0,,14bb9f9a81
audio_558.wav,train,0.0,0.0,,0369a98f63
audio_289.wav,train,1.7857142857142858,0.0,A_NNS,0e3d44f91c
audio_620.wav,train,0.7633587786259542,0.0,THERE_S_MANY,3a48141053
audio_665.wav,train,2.1739130434782608,0.0,HE_VERB_AGR;A_BIT_OF,c72f636c36
audio_751.wav,train,0.0,0.0,,1ccc7dc7d2
audio_442.wav,train,0.0,0.0,,f60488b0d5
audio_362.wav,train,0.7352941176470589,0.7352941176470589,OUTSIDE_OF;IT_IT,398a0fec5e
audio_311.wav,train,1.1363636363636365,0.0,CAUSE_BECAUSE,fc9ab3fd45
audio_724.wav,train,0.0,0.0,,a957ee3361
audio_39.wav,train,0.0,1.075268817204301,ENGLISH_WORD_REPEAT_BEGINNING_RULE,7f0b60670c
audio_290.wav,train,0.0,0.0,,c6a0d2e061
audio_23.wav,train,0.0,0.0,,6ad45ad68b
audio_624.wav,train,1.2048192771084338,0.0,TO_RB_TO_VB,e410f7ba1c
audio_206.wav,train,0.0,0.704225352112676,ENGLISH_WORD_REPEAT_BEGINNING_RULE,e8c098786e
audio_288.wav,train,0.0,0.0,,cbc821f1ad
audio_60.wav,train,0.0,0.0,,1c7f024ae8
audio_80.wav,train,1.8867924528301887,0.0,THERE_RE_MANY;BEEN_PART_AGREEMENT,08c12e6108
audio_214.wav,train,0.0,0.0,,cac6d90ef2
audio_599.wav,train,0.0,0.78125,ENGLISH_WORD_REPEAT_RULE,9db5830ba3
audio_5063.wav,train,0.0,0.0,,4680cadebc
audio_207.wav,train,0.0,0.0,,efc087899b
audio_438.wav,train,0.0,0.0,,a09995946a
audio_332.wav,train,0.0,0.0,,8b2609578d
audio_159.wav,train,0.0,1.2345679012345678,EN_A_VS_AN,23e0b5182c
audio_478.wav,train,1.4492753623188406,0.0,PHRASE_REPETITION,92fe4936ac
audio_46.wav,train,0.0,0.0,,1100a34e6a
audio_130.wav,train,0.0,0.0,,255ebc1e93
audio_437.wav,train,0.0,3.4482758620689653,ENGLISH_WORD_REPEAT_BEGINNING_RULE;ENGLISH_WORD_REPEAT_BEGINNING_RULE,397f00dc27
audio_771.wav,train,0.0,0.0,,b900800492
audio_759.wav,train,0.9174311926605505,0.0,ALL_MOST_SOME_OF_NOUN,66dcc94ea1
audio_25.wav,train,0.0,0.0,,005c5dc1cf
audio_191.wav,train,0.0,0.0,,57ba4777ba
audio_182.wav,train,0.0,0.0,,ff9be23104
audio_236.wav,train,1.3888888888888888,2.7777777777777777,ENGLISH_WORD_REPEAT_RULE;PHRASE_REPETITION;ENGLISH_WORD_REPEAT_RULE,5170cbee6c
audio_24.wav,train,0.0,0.0,,cfa414ef34
audio_428.wav,train,2.8368794326241136,1.4184397163120568,PHRASE_REPETITION;DT_PRP;ENGLISH_WORD_REPEAT_RULE;PRP_VBG;THE_SUPERLATIVE;ENGLISH_WORD_REPEAT_RULE,914cb9472f
audio_678.wav,train,0.0,0.0,,41b24be40c
audio_591.wav,train,0.0,2.0,ETC_PERIOD,b2fe3814bf
audio_597.wav,train,0.7352941176470589,0.7352941176470589,ENGLISH_WORD_REPEAT_RULE;THE_PUNCT,c381d08344
audio_580.wav,train,2.3529411764705883,3.5294117647058822,ENGLISH_WORD_REPEAT_BEGINNING_RULE;ENGLISH_WORD_REPEAT_BEGINNING_RULE;PHRASE_REPETITION;PHRASE_REPETITION;ENGLISH_WORD_REPEAT_RULE,39c849f3c7
audio_19.wav,train,0.0,1.9230769230769231,EN_COMPOUNDS_ALL_INCLUSIVE;ENGLISH_WORD_REPEAT_BEGINNING_RULE,e8883718f1
audio_476.wav,train,3.1914893617021276,2.127659574468085,THE_SUPERLATIVE;THE_SUPERLATIVE;EVERYDAY_EVERY_DAY;THE_SUPERLATIVE;EVERYDAY_EVERY_DAY,1d04e198e5
audio_375.wav,train,0.0,0.0,,fbd4b29c23
audio_642.wav,train,0.0,0.0,,aa4e39f04e
audio_66.wav,train,0.0,0.0,,f8f2cf715a
audio_186.wav,train,0.0,1.4492753623188406,ALL_OF_THE;ENGLISH_WORD_REPEAT_RULE,f669b51648
audio_713.wav,train,0.0,1.4388489208633093,ENGLISH_WORD_REPEAT_RULE;GONNA,eeb7b50866
audio_354.wav,train,0.0,0.8620689655172413,ENGLISH_WORD_REPEAT_BEGINNING_RULE,7f68af2f34
audio_768.wav,train,0.0,0.0,,ebcc7cc3d5
audio_14.wav,train,0.0,0.0,,e088f94f6e
audio_208.wav,train,0.0,0.0,,2a83e478b7
audio_418.wav,train,0.0,0.0,,04b67ad3b5
audio_212.wav,train,0.0,0.0,,38ade3116c
audio_177.wav,train,0.0,0.0,,3faece1311
audio_503.wav,train,1.492537313432836,0.746268656716418,EVERYDAY_EVERY_DAY;BECAUSE_OF_I;PRP_PAST_PART,01bbe6040b
audio_564.wav,train,4.761904761904762,0.0,THE_CC,fd96450bce
audio_257.wav,train,1.0416666666666667,0.0,OVER_COMPOUNDS,0551aaa38c
audio_408.wav,train,0.0,2.2222222222222223,ENGLISH_WORD_REPEAT_BEGINNING_RULE;REASON_IS_BECAUSE,2ab060406e
audio_468.wav,train,0.9523809523809523,0.0,PRP_VBG,2ded6d10da
audio_574.wav,train,0.7874015748031497,0.7874015748031497,DETERMINER_GEOGRAPHICAL_WORD;ENGLISH_WORD_REPEAT_RULE,b7dae17401
audio_26.wav,train,0.0,0.0,,b1066672c4
audio_480.wav,train,0.0,0.0,,f43cbbbc2b
audio_706.wav,train,0.7407407407407407,0.0,ORDER_OF_WORDS_WITH_NOT,2bc43efbea
audio_57.wav,train,0.8547008547008547,0.0,BEEN_PART_AGREEMENT,c6fc777d2e
audio_209.wav,train,0.0,0.0,,f9ac20b4b7
audio_712.wav,train,0.0,0.0,,fca1df6730
audio_353.wav,train,0.0,0.0,,356923c865
audio_575.wav,train,0.0,1.7094017094017093,EN_COMPOUNDS_SELF_CONFIDENCE;ENGLISH_WORD_REPEAT_RULE,28b9aea2b6
audio_383.wav,train,0.0,0.0,,9a82f47b4d
audio_781.wav,train,0.0,0.0,,25fb2ee693
audio_118.wav,train,0.0,0.0,,5f8c4fbc7a
audio_337.wav,train,0.0,0.6944444444444444,WHEN_WHERE,c19021f6f6
audio_715.wav,train,0.7299270072992701,0.7299270072992701,NNS_OF_SINGULAR_AGREEMENT;WHOLE_LOT,e6f7ae13a6
audio_323.wav,train,0.0,0.0,,22864b226f
audio_374.wav,train,0.0,0.0,,d78d8b562d
audio_348.wav,train,1.2987012987012987,1.2987012987012987,ENGLISH_WORD_REPEAT_BEGINNING_RULE;IT_IT,d648455ba5
audio_547.wav,train,0.0,0.0,,7c229a1f4b
audio_41.wav,train,0.0,0.0,,521b3181e0
audio_284.wav,train,0.9090909090909091,0.0,IT_IT,df7b964aff
audio_13.wav,train,0.0,0.0,,2cbd6977f5
audio_548.wav,train,0.8333333333333334,0.0,THERE_S_MANY,3ff0597341
audio_687.wav,train,0.847457627118644,0.0,THERE_IS_A_LOT_OF,a776d751e2
audio_104.wav,train,0.0,4.2105263157894735,ENGLISH_WORD_REPEAT_BEGINNING_RULE;ENGLISH_WORD_REPEAT_BEGINNING_RULE;ENGLISH_WORD_REPEAT_BEGINNING_RULE;ENGLISH_WORD_REPEAT_BEGINNING_RULE,7e2aafedae
audio_181.wav,train,2.1052631578947367,0.0,PCT_SINGULAR_NOUN_PLURAL_VERB_AGREEMENT;PCT_PLURAL_NOUN_SINGULAR_VERB_AGREEMENT,3fd46ec8aa
audio_755.wav,train,1.0101010101010102,0.0,FEWER_LESS,c251a0001f
audio_733.wav,train,0.0,1.5037593984962405,ENGLISH_WORD_REPEAT_BEGINNING_RULE;ENGLISH_WORD_REPEAT_RULE,2bd8dfc612
audio_5072.wav,train,0.0,2.4390243902439024,EN_A_VS_AN;EN_A_VS_AN;FOCUS_IN,c6411bec48
audio_776.wav,train,0.0,0.0,,23b6da0d1d
audio_70.wav,train,0.0,2.985074626865672,EN_A_VS_AN;EN_A_VS_AN,b2edb7990e
audio_49.wav,train,0.0,0.0,,ddae7009ce
audio_527.wav,train,0.0,0.0,,d7bab99f4c
audio_273.wav,train,0.0,0.0,,480103e8b7
audio_139.wav,train,0.0,0.0,,d32250160f
audio_467.wav,train,0.0,0.0,,d9b402a5c7
audio_407.wav,train,0.0,0.8333333333333334,ENGLISH_WORD_REPEAT_RULE,533b37ff79
audio_404.wav,train,0.7751937984496124,0.7751937984496124,IT_IT;ENGLISH_WORD_REPEAT_RULE,502b9a421f
audio_534.wav,train,0.0,0.0,,adc4d4532a
audio_96.wav,train,0.0,0.0,,7cfd4d2f08
audio_137.wav,train,0.0,0.0,,069081efca
audio_150.wav,train,0.0,0.0,,f7b9297983
audio_339.wav,train,0.0,0.0,,704f9c3d63
audio_409.wav,train,0.0,1.6666666666666667,ENGLISH_WORD_REPEAT_BEGINNING_RULE;SUMMER_TIME,74e549d0a9
audio_78.wav,train,0.0,0.0,,e3470de70e
audio_244.wav,train,0.0,0.0,,1901dfecf8
audio_752.wav,train,1.2048192771084338,1.2048192771084338,MOST_SUPERLATIVE;ENGLISH_WORD_REPEAT_BEGINNING_RULE,c59453a7bc
audio_508.wav,train,0.8849557522123894,0.0,IS_VBZ,ebe3f36493
audio_664.wav,train,1.4492753623188406,0.0,PRP_VBG,e1a84ab951
audio_701.wav,train,0.0,0.0,,dbf99c5a3f
audio_5044.wav,train,0.0,0.0,,007b87f9c0
audio_734.wav,train,0.0,0.8130081300813008,ENGLISH_WORD_REPEAT_RULE,75ec8e3fd6
audio_51.wav,train,0.0,0.0,,a2498cdb82
audio_704.wav,train,1.7543859649122806,0.0,ALL_MOST_SOME_OF_NOUN,cb953dbf54
audio_129.wav,train,0.0,0.0,,1e495a46fd
audio_107.wav,train,0.9174311926605505,0.9174311926605505,ENGLISH_WORD_REPEAT_BEGINNING_RULE;ONE_OF,cae7e80f14
audio_143.wav,train,0.0,0.0,,ffd61991bf
audio_458.wav,train,0.0,0.0,,fd859c141a
audio_424.wav,train,0.0,0.970873786407767,EVERYDAY_EVERY_DAY,d640f8bf4c
audio_563.wav,train,2.0833333333333335,1.0416666666666667,ENGLISH_WORD_REPEAT_BEGINNING_RULE;BE_VBP_IN;PHRASE_REPETITION,5fd1d2ca2f
audio_625.wav,train,0.0,0.0,,f828bbf009
audio_302.wav,train,0.0,0.0,,df6871d6d4
audio_154.wav,train,0.0,0.0,,2a7414dd52
audio_754.wav,train,1.2048192771084338,0.0,SINGULAR_NOUN_ADV_AGREEMENT,2d5d29512c
audio_749.wav,train,0.0,0.0,,611f4b69ef
audio_366.wav,train,0.0,0.0,,799000e7a4
audio_693.wav,train,0.0,0.0,,83398460ff
audio_608.wav,train,0.0,2.678571428571429,EXTREME_ADJECTIVES;AFTERWARDS_US;EXTREME_ADJECTIVES,197bed6e8a
audio_220.wav,train,0.0,0.0,,0358441597
audio_761.wav,train,1.8867924528301887,0.0,THERE_IS_A_LOT_OF;THERE_IS_A_LOT_OF,3d94692f4a
audio_640.wav,train,0.0,0.0,,beef0dc090
audio_67.wav,train,1.7241379310344827,0.8620689655172413,PHRASE_REPETITION;AUXILIARY_DO_WITH_INCORRECT_VERB_FORM;ENGLISH_WORD_REPEAT_BEGINNING_RULE,8fbe59e0a1
audio_299.wav,train,0.0,2.7777777777777777,EXTREME_ADJECTIVES;EXTREME_ADJECTIVES;EXTREME_ADJECTIVES,8602562b96
audio_102.wav,train,4.705882352941177,0.0,THERE_S_MANY;THERE_IS_A_LOT_OF;THERE_IS_A_LOT_OF;THERE_S_MANY,fdb2dd8a2c
audio_258.wav,train,0.0,0.0,,72f8cf25ac
audio_679.wav,train,0.0,0.819672131147541,ENGLISH_WORD_REPEAT_RULE,9daea5e9be
audio_82.wav,train,0.0,0.0,,4f4e7cc922
audio_325.wav,train,0.9900990099009901,0.0,SHORT_COMPARATIVES,a1bfc85792
audio_399.wav,train,2.542372881355932,1.694915254237288,WHEN_WHERE;DETERMINER_GEOGRAPHICAL_WORD;DETERMINER_GEOGRAPHICAL_WORD;OUTSIDE_OF;THE_SUPERLATIVE,f700855a77
audio_285.wav,train,0.0,0.0,,6184f28f00
audio_784.wav,train,0.0,3.571428571428571,ALL_OF_THE;ENGLISH_WORD_REPEAT_BEGINNING_RULE;EN_COMPOUNDS_SAND_PIT,0c13e3cd9f
audio_0.wav,train,0.0,1.1904761904761905,IN_THIS_MOMENT,e9a682d925
audio_435.wav,train,0.0,0.0,,c975d3ae4f
audio_91.wav,train,0.0,0.0,,f3c5158b9c
audio_109.wav,train,0.0,0.0,,4fbf93a642
audio_772.wav,train,0.0,0.0,,fe8e8824bd
audio_270.wav,train,0.0,0.78125,ENGLISH_WORD_REPEAT_BEGINNING_RULE,31f8944974
audio_528.wav,train,0.0,0.8547008547008547,ENGLISH_WORD_REPEAT_RULE,20861701d9
audio_441.wav,train,1.1494252873563218,0.0,AGREEMENT_SENT_START,0815e92086
audio_381.wav,train,0.0,1.6260162601626016,EN_A_VS_AN;EN_COMPOUNDS_TIC_TAC_TOE,a1b5d33259
audio_86.wav,train,0.0,0.0,,79fe385de2
audio_101.wav,train,0.970873786407767,0.0,PRP_ABLE_TO,30311e3ddd
audio_333.wav,train,0.0,0.0,,cf43e4782c
audio_149.wav,train,0.0,0.0,,23f6330b64
audio_719.wav,train,0.0,0.0,,505857a91e
audio_638.wav,train,0.0,0.0,,2da29d5ab6
audio_147.wav,train,0.0,0.0,,8dd17ad750
audio_62.wav,train,0.0,0.0,,709fc69240
audio_763.wav,train,0.0,0.0,,b585de656b
audio_498.wav,train,1.5873015873015872,0.0,CD_NN,a47e27baf7
audio_1.wav,train,0.0,0.0,,45ea25a6eb
audio_304.wav,train,0.9090909090909091,0.0,THERE_S_MANY,829d153f04
audio_347.wav,train,0.0,1.0869565217391304,ENGLISH_WORD_REPEAT_RULE,2216f154b6
audio_560.wav,train,0.9803921568627451,0.0,A_NNS,76944389c0
audio_452.wav,train,0.0,1.7391304347826086,ENGLISH_WORD_REPEAT_BEGINNING_RULE;ENGLISH_WORD_REPEAT_BEGINNING_RULE,29a8c73fbd
audio_716.wav,train,0.9009009009009009,0.0,OF_ALL_TIMES,fc03a086db
audio_473.wav,train,0.0,2.2222222222222223,AND_ETC;EXTREME_ADJECTIVES,90a2e1ff0d
audio_95.wav,train,0.0,0.0,,52ab3c37c6
audio_732.wav,train,1.7241379310344827,0.8620689655172413,THERE_IS_A_LOT_OF;MISSING_TO_BEFORE_A_VERB;GONNA,384e60e806
audio_292.wav,train,0.0,0.0,,ccec61d784
audio_469.wav,train,0.0,0.0,,17c10535dd
audio_329.wav,train,0.0,0.0,,353a90b31c
audio_169.wav,train,0.0,1.7857142857142858,ALL_OF_THE,6e50244284
audio_174.wav,train,0.8130081300813008,0.0,EVERY_EACH_SINGULAR,f34cadebc1
audio_513.wav,train,0.0,0.0,,720859ee6d
audio_584.wav,train,0.0,0.0,,02e72d5acb
audio_345.wav,train,0.0,0.0,,94aedcd0bc
audio_750.wav,train,0.0,1.0416666666666667,ENGLISH_WORD_REPEAT_BEGINNING_RULE,f1501f5eec
audio_116.wav,train,1.0204081632653061,0.0,HE_LIKE,dff1dae154
audio_114.wav,train,0.0,0.0,,0a21e9fcc0
audio_157.wav,train,1.2987012987012987,0.0,A_NNS,1e814d1564
audio_385.wav,train,0.0,0.0,,ff54801cac
audio_264.wav,train,0.0,0.0,,18d1d7d901
audio_390.wav,train,0.0,0.0,,170e0282ff
audio_766.wav,train,0.0,0.0,,f5cc3791d6
audio_571.wav,train,0.0,0.0,,7a9eeab155
audio_393.wav,train,0.0,0.0,,5b54e36cfe
audio_691.wav,train,0.0,0.0,,f1dec8e7ba
audio_128.wav,test,2.0833333333333335,0.0,AFFORD_VBG;PRP_JJ,1ba63dc5bf
audio_156.wav,test,0.0,0.0,,5e89d23adf
audio_19.wav,test,0.0,0.0,,317396f375
audio_108.wav,test,0.0,0.0,,cacb36cec6
audio_206.wav,test,0.0,0.0,,ce1179b9a3
audio_161.wav,test,0.0,0.0,,87729c64b3
audio_215.wav,test,0.0,0.9615384615384616,AND_ETC,4c036e9cbd
audio_213.wav,test,0.0,0.0,,5d9fb87435
audio_11.wav,test,0.0,0.0,,bb4e421907
audio_155.wav,test,1.1627906976744187,1.1627906976744187,EN_COMPOUNDS_NIGHT_TIME;BE_VBP_IN,696d3e8bae
audio_39.wav,test,1.6129032258064515,0.8064516129032258,ENGLISH_WORD_REPEAT_RULE;PRP_VBG;PRP_VBG,53ae4b5d20
audio_168.wav,test,0.0,0.0,,efa670856b
audio_133.wav,test,1.2195121951219512,0.0,AND_BUT,a24d4fc353
audio_28.wav,test,0.0,0.0,,c72fe84b4f
audio_40.wav,test,0.0,0.0,,3a265c37d4
audio_181.wav,test,0.0,1.8018018018018018,RETURN_BACK;RETURN_IN_THE,de411986de
audio_201.wav,test,0.0,0.0,,ab6cf5c35f
audio_182.wav,test,0.0,0.0,,9bfe9985ab
audio_126.wav,test,0.0,0.0,,7fc5b5b33c
audio_10.wav,test,0.0,2.150537634408602,AND_ETC;ENGLISH_WORD_REPEAT_BEGINNING_RULE,ac892da138
audio_134.wav,test,0.0,0.0,,7f025372d9
audio_69.wav,test,0.0,0.0,,629a56f807
audio_112.wav,test,0.0,1.3333333333333333,ENGLISH_WORD_REPEAT_BEGINNING_RULE,75ccf6e64e
audio_180.wav,test,0.0,0.0,,737963f5f5
audio_177.wav,test,0.0,0.0,,8fafd0a7cc
audio_77.wav,test,0.0,0.6711409395973155,GONNA,8edaa5930a
audio_111.wav,test,0.0,0.7518796992481203,IN_FACEBOOK,36dcd36233
audio_18.wav,test,0.0,2.6666666666666665,EN_COMPOUNDS_TOP_SELLING;ENGLISH_WORD_REPEAT_BEGINNING_RULE,c5d7d37e24
audio_175.wav,test,0.0,0.0,,d4665e2af9
audio_33.wav,test,0.0,0.0,,d5336e8ef6
audio_15.wav,test,1.0101010101010102,0.0,IT_VBZ,4198a00ccf
audio_4.wav,test,0.0,0.0,,d8d408a7db
audio_27.wav,test,0.0,1.0526315789473684,A_MY,1e9115c426
audio_96.wav,test,0.0,0.0,,6435c499f9
audio_116.wav,test,1.0204081632653061,1.0204081632653061,ADMIT_ENJOY_VB;ENGLISH_WORD_REPEAT_RULE,766d2e5f97
audio_1.wav,test,1.8018018018018018,0.9009009009009009,ADMIT_ENJOY_VB;ALL_OF_THE;PHRASE_REPETITION,f880a1e28a
audio_22.wav,test,0.0,0.0,,5319940198
audio_114.wav,test,1.0869565217391304,1.0869565217391304,FIRST_OF_ALL;EVERY_EACH_SINGULAR,d5b702f286
audio_146.wav,test,0.0,1.1363636363636365,EN_COMPOUNDS_PART_TIME,a6294b3900
audio_46.wav,test,0.0,1.3333333333333333,ENGLISH_WORD_REPEAT_RULE;GONNA,20ecf1d02b
audio_144.wav,test,0.0,0.0,,182ead70b8
audio_75.wav,test,0.9523809523809523,0.0,THERE_IS_A_LOT_OF,fc7565a83b
audio_200.wav,test,0.0,1.1904761904761905,RECOMMENDED_COMPOUNDS,b380c122c6
audio_196.wav,test,0.0,0.0,,1f35e89041
audio_190.wav,test,0.8620689655172413,0.0,EXCITED_FOR,6bfe8d3478
audio_158.wav,test,0.0,0.0,,39916e4922
audio_17.wav,test,0.0,0.0,,84c07c1456
audio_105.wav,test,0.0,0.0,,b0dd5e4818
audio_141.wav,test,0.0,0.0,,881388f272
audio_129.wav,test,0.0,0.0,,d0a319984d
audio_6.wav,test,0.0,0.9345794392523364,ADVERB_WORD_ORDER,e2bcf9185f
audio_70.wav,test,0.0,0.0,,5104b9be32
audio_35.wav,test,0.0,0.0,,38088ead3b
audio_203.wav,test,0.0,0.0,,1c132fda60
audio_90.wav,test,1.36986301369863,0.0,THERE_IS_A_LOT_OF,bb282921c2
audio_16.wav,test,0.0,0.0,,e23ae74fb5
audio_138.wav,test,0.0,2.0,ENGLISH_WORD_REPEAT_BEGINNING_RULE,df4b8c8b8b
audio_100.wav,test,0.0,0.9523809523809523,EN_COMPOUNDS_FLOOD_WATERS,b6baec562d
audio_115.wav,test,1.0309278350515463,0.0,PRP_PAST_PART,37c5da783a
audio_118.wav,test,0.0,1.408450704225352,EN_COMPOUNDS_USER_FRIENDLY,6d47ce12c3
audio_137.wav,test,0.8264462809917356,0.0,REGARDING_TO,6bff913a9b
audio_101.wav,test,0.0,0.0,,1ee3061634
audio_193.wav,test,0.0,0.0,,1b1481e285
audio_102.wav,test,0.0,0.0,,672505a75a
audio_52.wav,test,0.7142857142857143,1.4285714285714286,ENGLISH_WORD_REPEAT_RULE;MOST_SUPERLATIVE;A_MY,b1d0de7ea8
audio_172.wav,test,1.1904761904761905,1.1904761904761905,ARRIVAL_TO_THE_HOUSE;MD_BE_NON_VBP,b3286f200c
audio_191.wav,test,0.0,0.0,,ef53a59736
audio_194.wav,test,0.9345794392523364,0.0,MOST_SUPERLATIVE,5676c38db3
audio_67.wav,test,0.0,0.0,,9b37c2ad95
audio_160.wav,test,0.0,0.0,,1ff988ce2e
audio_179.wav,test,0.0,0.0,,77ea5abf33
audio_55.wav,test,0.8620689655172413,0.0,GOING_TO_VBD,dff585b70d
audio_145.wav,test,1.2658227848101267,0.0,THERE_IS_A_LOT_OF,2602b6c1af
audio_197.wav,test,1.0526315789473684,1.0526315789473684,EN_COMPOUNDS_LOW_LYING;UNDER_COMPOUNDS,1831e9855e
audio_139.wav,test,0.0,0.0,,132a97f383
audio_91.wav,test,0.0,0.0,,80ce9e25ba
audio_8.wav,test,4.6875,0.0,PHRASE_REPETITION;PHRASE_REPETITION;ADVERB_VERB_ADVERB_REPETITION,15614094cf
audio_136.wav,test,0.0,0.0,,c68945aa66
audio_199.wav,test,4.705882352941177,1.1764705882352942,THE_SUPERLATIVE;PRP_PAST_PART;ENGLISH_WORD_REPEAT_BEGINNING_RULE;LOSE_LIVES;MANY_NN,48de4c29fe
audio_110.wav,test,0.0,0.0,,3b2abd9209
audio_208.wav,test,1.1363636363636365,0.0,ONE_OF,4f53f9e46c
audio_152.wav,test,0.0,0.0,,53253277c1
audio_94.wav,test,0.0,0.0,,50b45843f5
audio_174.wav,test,0.0,0.0,,21528b6867
audio_23.wav,test,0.0,1.6666666666666667,IN_THE_MOMENT;LARGE_NUMBER_OF,b21b74837c
audio_56.wav,test,0.7575757575757576,0.7575757575757576,ENGLISH_WORD_REPEAT_BEGINNING_RULE;PRP_REPITION,e1dfd934c0
audio_97.wav,test,0.0,0.0,,045b43b7ef
audio_148.wav,test,0.0,1.8867924528301887,ENGLISH_WORD_REPEAT_BEGINNING_RULE;ENGLISH_WORD_REPEAT_BEGINNING_RULE,145cf48d38
audio_59.wav,test,0.0,0.0,,526047b7ab
audio_5.wav,test,0.0,0.0,,c3ba9c2724
audio_119.wav,test,0.0,0.0,,d3a0f5ffe4
audio_80.wav,test,0.0,3.370786516853933,ENGLISH_WORD_REPEAT_BEGINNING_RULE;ENGLISH_WORD_REPEAT_BEGINNING_RULE;ENGLISH_WORD_REPEAT_BEGINNING_RULE,bb744caf0e
audio_58.wav,test,0.0,0.0,,d959fbc4a6
audio_123.wav,test,0.0,0.0,,b0eda314ee
audio_188.wav,test,0.0,0.0,,ae5c48de95
audio_121.wav,test,2.4096385542168677,0.0,BUNCH_OF;HE_VERB_AGR,3688927bb4
audio_107.wav,test,0.0,0.0,,c48fb58d21
audio_214.wav,test,0.0,0.0,,02660a6317
audio_73.wav,test,0.0,0.0,,7258528277
audio_169.wav,test,2.0833333333333335,0.0,SUPER_COMPOUNDS;PHRASE_REPETITION,81e98b4596
audio_7.wav,test,0.0,0.0,,e97c2bed89
audio_42.wav,test,0.0,0.0,,4e5d72c311
audio_88.wav,test,0.0,1.4598540145985401,ENGLISH_WORD_REPEAT_RULE;GONNA,48e79dbdbf
audio_64.wav,test,0.0,1.7241379310344827,ENGLISH_WORD_REPEAT_RULE,3935c47c2c
audio_195.wav,test,2.7027027027027026,0.0,A_NNS;LOSE_LIVES,a5a19e7841
audio_57.wav,test,2.608695652173913,0.8695652173913043,THE_SUPERLATIVE;SUPERLATIVE_THAN;OURSELF;THE_SUPERLATIVE,ce276fadbd
audio_13.wav,test,0.0,1.1627906976744187,IN_OR_WITH_REGARDS_TO_OF,a85a50a3d6
audio_125.wav,test,0.0,1.2820512820512822,EXTREME_ADJECTIVES,5f159e401f
audio_209.wav,test,1.0638297872340425,0.0,A_CD_NNS,dd9ccccaaf
audio_211.wav,test,0.0,0.0,,c3dc7fcf0c
audio_63.wav,test,0.9345794392523364,1.8691588785046729,EVERYDAY_EVERY_DAY;I_BORN;EXTREME_ADJECTIVES,9850c870b1
audio_86.wav,test,0.0,0.9615384615384616,ENGLISH_WORD_REPEAT_RULE,188b4ad13c
audio_78.wav,test,0.0,0.0,,1aa8d3bc11
audio_38.wav,test,0.0,0.0,,7d7cce6ccc
audio_186.wav,test,0.0,0.0,,b2534fd282
audio_154.wav,test,0.0,1.4705882352941178,ENGLISH_WORD_REPEAT_BEGINNING_RULE,cb1cb64471
audio_21.wav,test,0.0,0.0,,be523dd5d8
audio_120.wav,test,0.0,0.0,,fc2b373cb1
audio_183.wav,test,0.0,0.970873786407767,ENGLISH_WORD_REPEAT_RULE,afd761c6e0
audio_25.wav,test,0.0,0.0,,4a6c7974cc
audio_122.wav,test,0.0,1.0204081632653061,ENGLISH_WORD_REPEAT_BEGINNING_RULE,631ef890dd
audio_36.wav,test,0.7142857142857143,0.0,BEEN_PART_AGREEMENT,11ceb5767d
audio_76.wav,test,0.0,0.6756756756756757,EXTREME_ADJECTIVES,af29898274
audio_163.wav,test,0.0,0.0,,0b53d42fd2
audio_83.wav,test,0.0,0.0,,dbbd4de3f9
audio_103.wav,test,0.0,0.0,,e5ed4db254
audio_93.wav,test,0.0,3.6363636363636362,GO_TO_HOME;EN_A_VS_AN;ENGLISH_WORD_REPEAT_RULE;ENGLISH_WORD_REPEAT_RULE,12a50cff32
audio_26.wav,test,0.0,1.1235955056179776,ENGLISH_WORD_REPEAT_BEGINNING_RULE,0b14c63f06
audio_72.wav,test,0.0,0.6944444444444444,ALL_OF_THE,c16cd228b1
audio_210.wav,test,1.6129032258064515,0.0,PRP_PAST_PART;PRP_PAST_PART,e3314c7206
audio_104.wav,test,0.0,0.0,,a4c6bc36d5
audio_81.wav,test,0.0,0.0,,e7cba5cd53
audio_166.wav,test,1.1627906976744187,0.0,THIS_NNS,da5a3f54d9
audio_202.wav,test,0.0,0.0,,174c141bb0
audio_185.wav,test,0.0,1.0101010101010102,GET_TOGETHER_HYPHEN,567bb62cba
audio_9.wav,test,0.0,0.0,,c427c844f1
audio_207.wav,test,1.2345679012345678,0.0,ADMIT_ENJOY_VB,432efdf0b9
audio_127.wav,test,0.0,0.0,,e7f24e9d1b
audio_12.wav,test,2.6315789473684212,5.2631578947368425,EN_A_VS_AN;A_RB_A_JJ_NN;GONNA,28791b73e3
audio_132.wav,test,0.0,0.0,,f024fc62b1
audio_109.wav,test,0.0,1.4492753623188406,ENGLISH_WORD_REPEAT_RULE,9e50ea7631
audio_32.wav,test,0.0,2.830188679245283,ENGLISH_WORD_REPEAT_RULE;ENGLISH_WORD_REPEAT_RULE;THE_FALL_SEASON,5c33be7d30
audio_178.wav,test,0.0,0.0,,258540c9a0
audio_61.wav,test,0.9009009009009009,0.9009009009009009,TODAY_MORNING;A_BIT,c56d08938f
audio_34.wav,test,0.0,0.0,,14c569a2f1
audio_106.wav,test,0.0,0.0,,13d0c2809e
audio_49.wav,test,0.0,0.0,,c07d000189
audio_149.wav,test,0.0,0.0,,00942b6b83
audio_30.wav,test,0.0,0.0,,7cdbd23f37
audio_131.wav,test,0.0,0.0,,85ebcdc305
audio_162.wav,test,1.1764705882352942,0.0,THE_CC,fd1528eb5e
audio_204.wav,test,0.0,0.0,,a39d798aeb
audio_198.wav,test,0.0,0.0,,6571ef4b2e
audio_135.wav,test,0.0,0.0,,20f1b9a27f
audio_187.wav,test,1.25,0.0,PROGRESSIVE_VERBS,77218c3485
audio_3.wav,test,3.092783505154639,0.0,THERE_S_MANY;PEOPLE_VBZ;PEOPLE_VBZ,5661d2b181
audio_98.wav,test,0.7692307692307693,0.7692307692307693,ALL_OF_THE;THERE_RE_MANY,a31d4251cc
audio_159.wav,test,0.0,0.0,,6d908cd669
audio_167.wav,test,0.0,0.0,,0a5609874b
audio_205.wav,test,0.0,0.0,,314ba2c735
audio_95.wav,test,0.0,0.0,,34c16a6c5b
audio_68.wav,test,0.0,0.0,,dcb6e8d02b
audio_31.wav,test,0.0,0.0,,aae2ce73b6
audio_157.wav,test,1.2820512820512822,0.0,PRP_VB,5ce8e542e3
audio_89.wav,test,0.8064516129032258,0.8064516129032258,THERE_IS_A_LOT_OF;ENGLISH_WORD_REPEAT_RULE,6a479fbd28
audio_82.wav,test,1.098901098901099,2.197802197802198,ENGLISH_WORD_REPEAT_BEGINNING_RULE;EXTREME_ADJECTIVES;PCT_SINGULAR_NOUN_PLURAL_VERB_AGREEMENT,f52b908080
audio_53.wav,test,1.6260162601626016,0.8130081300813008,BEEN_PART_AGREEMENT;ADVERB_WORD_ORDER;MD_BASEFORM,f416d605f4
audio_37.wav,test,0.5988023952095808,0.0,PLURAL_VERB_AFTER_THIS,8b83c63e4d
audio_113.wav,test,0.9433962264150944,0.0,THE_PUNCT,54af1cd799
audio_85.wav,test,0.0,0.0,,97195596a5
audio_173.wav,test,0.0,0.0,,070dc15681
audio_41.wav,test,0.7874015748031497,0.0,THERE_IS_A_LOT_OF,88a55b5a4d
audio_51.wav,test,0.0,1.0101010101010102,AND_ETC,bca77f5c35
audio_143.wav,test,0.0,1.098901098901099,WHEN_WHERE,5e58419cac
audio_92.wav,test,0.0,0.0,,62e4c01011
audio_74.wav,test,0.0,0.0,,6d63ac7056
audio_0.wav,test,0.0,0.0,,8d1efe7185
audio_147.wav,test,0.0,0.0,,e565457fff
audio_130.wav,test,0.0,0.0,,76dcba1f90
audio_192.wav,test,0.0,0.0,,6eb0db792d
audio_43.wav,test,0.0,0.0,,e5ee705a32
audio_65.wav,test,0.0,2.5974025974025974,ENGLISH_WORD_REPEAT_RULE;ENGLISH_WORD_REPEAT_RULE,b12301b35c
audio_14.wav,test,0.0,0.0,,f812da3eb2
audio_117.wav,test,0.0,0.9259259259259259,IN_THE_MOMENT,760afe3746
audio_212.wav,test,0.0,1.1363636363636365,EN_A_VS_AN,dbc0314dba
audio_79.wav,test,0.0,4.672897196261682,ENGLISH_WORD_REPEAT_BEGINNING_RULE;ADVERB_WORD_ORDER;ENGLISH_WORD_REPEAT_BEGINNING_RULE;ENGLISH_WORD_REPEAT_BEGINNING_RULE;ENGLISH_WORD_REPEAT_BEGINNING_RULE,aa1761f1bd
audio_171.wav,test,0.0,0.0,,58b51dd12b
audio_60.wav,test,1.3333333333333333,0.0,PRP_PAST_PART,78c2fd82c9
audio_153.wav,test,0.0,0.0,,26b26f3d37
audio_176.wav,test,0.0,1.4285714285714286,GOOD_IN_AT_GERUND,4b7a9eab79
audio_2.wav,test,0.0,0.8333333333333334,THEY_WHERE,a1af3e8c35
audio_50.wav,test,0.0,0.0,,e387a34872
audio_29.wav,test,2.7027027027027026,0.0,A_NNS,0ffe599fe5
audio_142.wav,test,0.0,1.1363636363636365,EN_COMPOUNDS_USER_FRIENDLY,fb33ff362b
audio_47.wav,test,0.0,2.5641025641025643,ENGLISH_WORD_REPEAT_BEGINNING_RULE;ENGLISH_WORD_REPEAT_BEGINNING_RULE,2bfb56cc19
audio_84.wav,test,0.0,0.0,,15650ab8eb
audio_164.wav,test,1.5151515151515151,0.0,THERE_S_MANY,908be40fc2
audio_48.wav,test,0.0,0.0,,2879a17aef
audio_189.wav,test,1.5873015873015872,0.0,THERE_IS_A_LOT_OF,6241cd3b81
audio_151.wav,test,0.0,0.0,,5719dbb3a3
audio_66.wav,test,0.0,0.0,,9b3464af53
audio_44.wav,test,0.0,1.4705882352941178,ENGLISH_WORD_REPEAT_BEGINNING_RULE,1b4649c987
audio_150.wav,test,0.0,1.7391304347826086,ENGLISH_WORD_REPEAT_BEGINNING_RULE;ENGLISH_WORD_REPEAT_BEGINNING_RULE,a38ecf6065
audio_87.wav,test,0.0,0.7936507936507936,ENGLISH_WORD_REPEAT_BEGINNING_RULE,b12dc91d67
audio_99.wav,test,0.0,0.0,,416e08d65f
audio_62.wav,test,0.0,0.0,,0d01a46e3c
audio_20.wav,test,0.0,0.0,,ab40a3eb88
audio_124.wav,test,3.1578947368421053,1.0526315789473684,SUBJECT_VERB_AGREEMENT_PLURAL;LOT_OF;A_LOT_OF_NN;THERE_IS_A_LOT_OF,a8eac661d1
audio_54.wav,test,0.0,0.0,,46cfba0235
audio_45.wav,test,0.0,0.5747126436781609,ENGLISH_WORD_REPEAT_RULE,175d9a6d1c
audio_71.wav,test,0.0,0.0,,8ba535b03a
audio_184.wav,test,0.0,2.7777777777777777,IN_FACEBOOK;IN_FACEBOOK,6fa235b654
audio_24.wav,test,0.0,2.3255813953488373,EN_MULTITOKEN_SPELLING_TWO;ENGLISH_WORD_REPEAT_BEGINNING_RULE,816416af93
audio_140.wav,test,0.0,1.0101010101010102,ALL_OF_THE,5f7a26a828
audio_165.wav,test,0.0,1.4492753623188406,ENGLISH_WORD_REPEAT_RULE,148a120df0
audio_170.wav,test,1.2820512820512822,0.0,THERE_IS_A_LOT_OF,e58878936d
