file_id,label,oof_pred
audio_192.wav,3.0,2.9856157603570974
audio_436.wav,3.0,2.721644562944904
audio_447.wav,3.5,3.3483258127352538
audio_126.wav,2.0,2.2994389888135673
audio_61.wav,2.0,2.15885089523281
audio_639.wav,2.5,3.278350959496077
audio_703.wav,2.0,2.5026121347100982
audio_509.wav,3.0,3.6815808031263444
audio_672.wav,4.0,3.5404022186792776
audio_344.wav,4.0,4.084196349633054
audio_592.wav,5.0,4.2923178177289305
audio_705.wav,3.0,3.404497120975557
audio_497.wav,2.0,2.797920532156831
audio_702.wav,3.0,3.25942255853961
audio_598.wav,2.0,2.331751616142311
audio_99.wav,3.5,2.7667164933041573
audio_194.wav,4.0,4.0574913689319425
audio_178.wav,3.0,2.2941518751992542
audio_609.wav,5.0,4.31070311542487
audio_77.wav,4.0,4.007959932715044
audio_18.wav,4.0,3.223116111224744
audio_9.wav,4.0,4.413830285080672
audio_138.wav,2.0,2.5849456453163597
audio_269.wav,4.0,3.2110081249655957
audio_717.wav,4.5,3.9875783709257977
audio_529.wav,3.0,3.0538697960960586
audio_578.wav,4.0,4.128279320896296
audio_171.wav,2.0,2.534628351441371
audio_596.wav,3.0,4.179241515481498
audio_501.wav,3.0,2.8917154204755255
audio_8.wav,2.0,2.764841684007304
audio_84.wav,2.5,2.9734822923972963
audio_11.wav,3.0,2.8288447443620743
audio_142.wav,2.5,2.6449867805494995
audio_610.wav,5.0,4.8161699279556816
audio_654.wav,3.0,3.604195305520268
audio_170.wav,2.5,3.4089041362668775
audio_255.wav,4.5,4.154976790969088
audio_162.wav,3.0,2.894630207226529
audio_769.wav,3.0,3.988656635202842
audio_720.wav,3.0,3.5705079124780763
audio_623.wav,3.0,3.3612978820757653
audio_718.wav,4.5,4.033054543056231
audio_136.wav,3.5,2.89755898156615
audio_119.wav,2.0,2.1915997273298125
audio_542.wav,3.0,2.825100132298698
audio_322.wav,4.0,3.948036323249442
audio_707.wav,3.0,3.1341498718296275
audio_148.wav,3.5,3.6497522929780697
audio_316.wav,2.0,2.590199636171359
audio_647.wav,4.5,4.600903501248011
audio_286.wav,5.0,3.9231446334167877
audio_92.wav,4.0,3.1620806781169595
audio_462.wav,3.5,3.7190711388742965
audio_376.wav,5.0,4.5703721676405875
audio_76.wav,4.0,3.3654391860364634
audio_105.wav,2.0,1.187234914157321
audio_355.wav,3.0,2.6731208355275227
audio_663.wav,3.0,3.0312570487314012
audio_767.wav,4.5,3.651118156240508
audio_655.wav,5.0,4.620991649895269
audio_372.wav,5.0,5.0
audio_667.wav,5.0,5.0
audio_517.wav,2.5,2.4494418596482346
audio_765.wav,5.0,4.893121779575453
audio_38.wav,4.0,4.059391439229181
audio_371.wav,5.0,5.0
audio_507.wav,3.0,2.458707749534294
audio_282.wav,5.0,4.377988080062659
audio_459.wav,3.0,3.3750189055250117
audio_303.wav,5.0,4.837055330477746
audio_297.wav,4.5,4.885018583684926
audio_432.wav,3.5,2.6814017027926527
audio_454.wav,3.5,2.790910869334284
audio_482.wav,2.0,3.1801386590730716
audio_484.wav,2.0,2.0621691771965103
audio_757.wav,4.0,3.651645751145387
audio_773.wav,3.0,3.5781516127226514
audio_668.wav,5.0,5.0
audio_240.wav,5.0,4.111704850816372
audio_163.wav,2.0,2.1514119485773078
audio_659.wav,5.0,4.63696839768309
audio_532.wav,3.5,3.190308434460913
audio_464.wav,2.0,2.117505807696244
audio_5.wav,2.5,2.7705561538453978
audio_231.wav,3.5,3.7682190496556363
audio_384.wav,5.0,5.0
audio_54.wav,4.0,4.005928598251818
audio_656.wav,5.0,4.501582053469839
audio_444.wav,3.0,2.5758006931421655
audio_312.wav,4.5,4.536381416055502
audio_120.wav,2.5,2.189714201485609
audio_446.wav,3.0,2.8410056783213724
audio_546.wav,2.5,2.714875519142898
audio_430.wav,4.0,3.302842330773861
audio_179.wav,2.0,2.2955746147261795
audio_674.wav,4.0,3.83043405856513
audio_737.wav,3.5,3.576506589443392
audio_669.wav,3.0,3.44348024652566
audio_540.wav,4.0,3.926998146255854
audio_692.wav,4.0,3.3825918251127858
audio_572.wav,2.0,2.2074594437201385
audio_479.wav,2.0,2.714977273005875
audio_419.wav,3.0,2.7477157293368677
audio_433.wav,3.0,2.8834101088076594
audio_405.wav,5.0,5.0
audio_267.wav,4.0,4.050592884174862
audio_358.wav,5.0,5.0
audio_331.wav,5.0,5.0
audio_487.wav,2.5,2.4034669232234207
audio_494.wav,3.0,2.1552451529738157
audio_536.wav,2.5,3.0061480626230885
audio_634.wav,4.0,3.471897614944721
audio_317.wav,3.5,3.702205279920107
audio_723.wav,5.0,4.705690525351184
audio_155.wav,3.5,3.7152278253066893
audio_410.wav,2.0,2.2578217698040306
audio_251.wav,2.0,2.9166756040639368
audio_779.wav,5.0,4.829684181883859
audio_382.wav,4.0,3.83868723707757
audio_559.wav,3.0,3.6331712516921435
audio_161.wav,3.0,3.0731052274311303
audio_535.wav,2.5,3.166525409232897
audio_363.wav,5.0,4.830782181312137
audio_660.wav,4.5,5.0
audio_293.wav,5.0,5.0
audio_74.wav,4.0,3.396693970428921
audio_215.wav,4.0,4.320149504833761
audio_228.wav,3.0,3.1003174356653695
audio_602.wav,2.0,2.2262643451604798
audio_396.wav,2.0,3.39846746292078
audio_576.wav,2.0,2.585930725596931
audio_198.wav,4.0,3.244652982136952
audio_600.wav,2.0,2.5165442292426183
audio_710.wav,4.0,3.752132716326612
audio_246.wav,3.0,3.2695225241605055
audio_490.wav,2.5,2.5671816985629694
audio_657.wav,5.0,4.867411420828267
audio_688.wav,5.0,4.327794696154774
audio_698.wav,5.0,4.817641625911135
audio_499.wav,2.5,2.2308819994527935
audio_463.wav,4.0,3.7132483674124854
audio_604.wav,4.5,4.196188078972263
audio_97.wav,4.0,3.9109245030834465
audio_234.wav,3.0,3.6906897684535203
audio_782.wav,5.0,4.895827997444179
audio_758.wav,4.0,3.84979669623545
audio_727.wav,4.5,4.056962552911308
audio_643.wav,4.0,3.3093306715154847
audio_261.wav,3.0,3.6307378567350526
audio_205.wav,4.0,3.706388071173212
audio_128.wav,2.0,3.4340014829337617
audio_650.wav,5.0,4.7442030841132965
audio_35.wav,2.0,2.587844744888308
audio_141.wav,3.0,3.2125273730703623
audio_260.wav,3.5,3.5125458195879826
audio_722.wav,5.0,5.0
audio_324.wav,5.0,5.0
audio_279.wav,5.0,4.941801411910736
audio_450.wav,3.0,2.9661382321610783
audio_32.wav,2.5,3.117773509952463
audio_254.wav,3.5,2.9104963505098027
audio_544.wav,2.0,2.866233693856189
audio_176.wav,4.5,3.946601608984455
audio_301.wav,4.5,3.8643063190434286
audio_213.wav,5.0,5.0
audio_295.wav,5.0,5.0
audio_40.wav,3.0,3.746797538056123
audio_496.wav,2.5,2.2977012833727435
audio_45.wav,2.5,2.175238915906892
audio_146.wav,3.0,3.469833411855947
audio_415.wav,2.5,2.5582773985855973
audio_595.wav,3.0,3.935846224393738
audio_783.wav,4.0,4.219801987046113
audio_673.wav,5.0,4.8031062705788194
audio_48.wav,2.5,2.8446494505847024
audio_777.wav,4.5,4.525824789244398
audio_330.wav,3.0,2.8122496642927017
audio_200.wav,3.0,3.376722913208255
audio_259.wav,4.0,3.332005541455959
audio_721.wav,3.0,3.4807146786912355
audio_223.wav,5.0,4.900105546394985
audio_175.wav,4.0,3.80793463524353
audio_400.wav,4.0,3.742081071381966
audio_506.wav,2.0,2.729613488294383
audio_153.wav,3.0,3.1688339425251844
audio_281.wav,4.5,4.640529287025208
audio_543.wav,3.0,3.0980524431746765
audio_445.wav,3.0,2.659778161515053
audio_124.wav,2.0,2.3631440789162212
audio_249.wav,2.0,2.5890017361670115
audio_420.wav,2.0,3.1646567619553463
audio_203.wav,5.0,4.382485786753037
audio_278.wav,5.0,4.204165473596278
audio_516.wav,2.5,2.47498371169889
audio_326.wav,4.0,3.6641791821431493
audio_603.wav,4.5,4.282959359069966
audio_199.wav,4.0,3.4614264531190937
audio_406.wav,2.5,3.1727068927867306
audio_538.wav,4.0,3.5938432387419557
audio_631.wav,5.0,4.7687800828908244
audio_196.wav,4.0,4.316813480412266
audio_756.wav,4.0,4.063094691331083
audio_649.wav,5.0,4.971135829898924
audio_27.wav,2.0,2.840905327250222
audio_681.wav,5.0,4.072248625845678
audio_556.wav,2.5,2.8314846405703067
audio_185.wav,3.0,3.3514829966138073
audio_369.wav,5.0,5.0
audio_241.wav,4.0,4.697631364302683
audio_98.wav,2.5,2.132713457844289
audio_389.wav,5.0,4.99025522952396
audio_357.wav,5.0,3.9359622391827846
audio_112.wav,3.0,2.59432846453433
audio_675.wav,4.0,4.032842088274542
audio_113.wav,4.0,3.393334008486468
audio_483.wav,2.0,2.813873010429071
audio_474.wav,2.0,2.3392388793420316
audio_725.wav,4.5,4.249565158015631
audio_774.wav,3.0,3.858187028801022
audio_588.wav,2.5,2.7034283165636284
audio_395.wav,3.0,3.8286995112796443
audio_210.wav,5.0,5.0
audio_309.wav,3.0,2.9946006685630024
audio_457.wav,3.0,2.7895940693499037
audio_492.wav,2.5,2.73919218679587
audio_738.wav,5.0,4.216304921969194
audio_305.wav,5.0,5.0
audio_123.wav,3.5,3.3735917133160123
audio_89.wav,2.5,2.4547987431133684
audio_747.wav,3.0,2.7695120739771095
audio_115.wav,2.0,2.270035850679194
audio_235.wav,3.0,3.124646089741358
audio_414.wav,3.5,2.458242269775678
audio_56.wav,2.0,2.3298358697987416
audio_43.wav,3.5,3.309468925109086
audio_394.wav,5.0,5.0
audio_423.wav,3.0,2.777822236967838
audio_579.wav,4.0,3.75998121327577
audio_172.wav,3.0,2.590694543041044
audio_144.wav,5.0,4.183509148691086
audio_151.wav,2.5,2.3514432703021453
audio_65.wav,1.5,2.483531546730732
audio_481.wav,2.0,3.0852517241904205
audio_262.wav,4.0,4.26111013239723
audio_229.wav,4.5,4.598852209610296
audio_22.wav,4.0,4.142287855203929
audio_434.wav,3.5,3.115367630374818
audio_488.wav,3.0,2.686197932557718
audio_439.wav,3.0,3.124246219493948
audio_160.wav,2.0,2.5072798632578746
audio_594.wav,3.0,3.604085701624534
audio_651.wav,5.0,4.547277384414542
audio_569.wav,3.0,2.224242596036627
audio_440.wav,2.0,1.8887259614948353
audio_658.wav,5.0,4.655892072947948
audio_274.wav,3.0,3.3161911417702625
audio_158.wav,2.5,2.7365152494063882
audio_493.wav,4.0,3.89152588754294
audio_646.wav,4.5,4.4739080735606365
audio_64.wav,2.5,2.8149406767565037
audio_451.wav,2.5,2.3920189939607583
audio_277.wav,3.5,3.402187103228865
audio_491.wav,2.5,2.285929611991464
audio_52.wav,2.0,2.9924623524993734
audio_743.wav,4.0,4.017830647602261
audio_243.wav,3.0,2.7245816941683687
audio_661.wav,5.0,4.61641842516689
audio_456.wav,3.0,2.33564279270332
audio_90.wav,4.0,3.9803627152641186
audio_735.wav,4.0,2.8608475644168356
audio_775.wav,4.5,4.834253972928604
audio_587.wav,2.5,2.6926769666665438
audio_103.wav,2.5,2.515303076524071
audio_111.wav,3.5,3.6397472308413494
audio_421.wav,2.0,2.5776954235045837
audio_683.wav,4.0,4.232468343044309
audio_152.wav,3.0,2.8543422348354
audio_134.wav,3.0,2.211450852698319
audio_12.wav,4.5,3.6812171924911166
audio_232.wav,3.0,3.496398968918143
audio_36.wav,3.0,3.1754165544526898
audio_268.wav,5.0,3.914800063321646
audio_68.wav,2.0,1.8160450745500452
audio_729.wav,3.0,3.109456545286861
audio_247.wav,4.5,4.342095574824722
audio_224.wav,5.0,4.325466149266852
audio_425.wav,3.0,1.9184202947112876
audio_392.wav,5.0,5.0
audio_615.wav,4.0,4.0935713049862335
audio_245.wav,3.5,3.6113371824072003
audio_271.wav,3.5,3.4173947018300583
audio_321.wav,2.0,3.2479830392004394
audio_187.wav,5.0,5.0
audio_221.wav,4.0,4.614917154973606
audio_219.wav,5.0,4.73587344651973
audio_601.wav,2.0,2.3897802611908885
audio_100.wav,2.5,2.42216883820667
audio_227.wav,4.5,4.513744430399395
audio_411.wav,2.0,2.7465929925256747
audio_28.wav,3.0,2.359142932505713
audio_653.wav,2.5,3.076367368051258
audio_29.wav,3.0,3.4655211990237786
audio_470.wav,2.5,2.3742079847348583
audio_356.wav,3.5,3.443952507140005
audio_365.wav,2.0,2.6749387045224524
audio_58.wav,2.5,3.248325862844766
audio_708.wav,3.0,3.659591069293595
audio_319.wav,4.5,5.0
audio_135.wav,4.0,3.76631377617287
audio_612.wav,4.0,3.9307130046469183
audio_373.wav,5.0,4.968739789220356
audio_680.wav,5.0,3.9737886475655504
audio_63.wav,4.0,4.330790866522914
audio_700.wav,2.5,3.2504392527353767
audio_429.wav,4.0,3.1199306911109543
audio_745.wav,5.0,5.0
audio_731.wav,2.0,2.831717908420038
audio_461.wav,5.0,3.9758365311384245
audio_79.wav,2.0,2.7370130116203013
audio_760.wav,4.0,3.726498113802773
audio_72.wav,2.0,2.2567269699810564
audio_696.wav,5.0,5.0
audio_744.wav,4.0,4.131868070212211
audio_662.wav,5.0,5.0
audio_570.wav,3.0,2.508330357581312
audio_10.wav,3.0,2.823069519469276
audio_628.wav,2.5,2.88413737756553
audio_606.wav,3.5,3.023074968481719
audio_73.wav,4.0,3.480997350893496
audio_605.wav,4.0,3.216086590112883
audio_106.wav,3.5,3.1008929122428537
audio_306.wav,5.0,5.0
audio_75.wav,2.0,2.6561342146282128
audio_550.wav,3.5,3.767889167422953
audio_340.wav,5.0,4.658202630119131
audio_272.wav,3.0,3.1808436456028613
audio_518.wav,3.5,2.6476629505312363
audio_34.wav,2.0,2.2714575606085807
audio_87.wav,2.0,2.062408724256359
audio_211.wav,5.0,5.0
audio_431.wav,3.0,2.8205594802089915
audio_555.wav,5.0,3.437927029893622
audio_648.wav,5.0,4.183942498794874
audio_422.wav,2.0,2.8249592631778873
audio_627.wav,2.5,3.174998649374511
audio_122.wav,5.0,3.7083478052573646
audio_88.wav,3.5,3.8403574967636067
audio_165.wav,2.5,2.5171414921208655
audio_276.wav,3.5,3.2142845771443493
audio_746.wav,5.0,5.0
audio_252.wav,3.5,2.9212624814761856
audio_266.wav,4.0,3.084199584523228
audio_611.wav,4.5,3.338157704249324
audio_81.wav,3.0,3.5254711746460377
audio_3.wav,3.0,2.379650231416094
audio_21.wav,2.0,1.8422020428306558
audio_190.wav,3.0,2.895948495574914
audio_189.wav,5.0,4.6371625948396185
audio_519.wav,3.0,2.6648963161282753
audio_748.wav,2.5,2.84719776868054
audio_505.wav,3.0,2.618858159812805
audio_361.wav,4.0,3.342122596073569
audio_16.wav,4.0,3.9436646701289124
audio_327.wav,5.0,5.0
audio_313.wav,3.0,3.587069325535115
audio_589.wav,2.5,2.416778140252413
audio_416.wav,3.5,3.010598618985068
audio_762.wav,5.0,5.0
audio_714.wav,3.0,3.2346141578204644
audio_455.wav,3.0,2.6573297147115533
audio_42.wav,3.0,3.216365768106496
audio_561.wav,4.0,3.5878641869035635
audio_226.wav,3.0,2.9621051723990304
audio_110.wav,3.5,3.7685959045992004
audio_739.wav,5.0,4.286591126538836
audio_504.wav,3.5,2.377508343778037
audio_379.wav,4.0,4.171257056453798
audio_520.wav,2.5,2.233931730279919
audio_30.wav,2.0,2.741837612038898
audio_485.wav,3.0,2.8715676845479448
audio_475.wav,2.0,1.9025338821453852
audio_145.wav,4.0,3.871149114465142
audio_308.wav,5.0,4.769314922508583
audio_184.wav,3.0,3.4844227704787922
audio_586.wav,2.5,2.7550942201352258
audio_398.wav,3.5,4.209603218443015
audio_726.wav,5.0,3.8471335986357227
audio_466.wav,3.0,3.1095521495148257
audio_218.wav,5.0,4.579439130027762
audio_644.wav,3.0,3.49825482275598
audio_351.wav,3.0,3.029408783137873
audio_248.wav,5.0,3.9455069939234146
audio_83.wav,3.0,3.5072230215339935
audio_71.wav,2.0,2.1254382219571584
audio_287.wav,5.0,4.365416520836982
audio_367.wav,2.0,2.41758236115732
audio_166.wav,3.0,3.0914731237003905
audio_94.wav,2.0,3.1130828971626725
audio_108.wav,1.0,2.5968090950178233
audio_511.wav,4.0,3.601187303792367
audio_310.wav,5.0,4.52676363349917
audio_50.wav,3.0,3.216980954290583
audio_6.wav,3.0,2.8514271593235785
audio_515.wav,2.5,2.363663958601718
audio_742.wav,4.5,4.4585835730171395
audio_545.wav,2.5,2.847695931022961
audio_489.wav,3.0,2.726637521291526
audio_697.wav,5.0,5.0
audio_225.wav,3.0,3.2165645533483707
audio_553.wav,2.0,2.7943161314021507
audio_237.wav,3.0,3.049929485492221
audio_197.wav,4.5,4.698976762870995
audio_449.wav,4.0,3.769592765118393
audio_567.wav,3.0,2.2924304604748293
audio_477.wav,2.0,2.6341993658397413
audio_728.wav,3.0,3.698706327580797
audio_377.wav,4.0,3.664212147216531
audio_633.wav,5.0,3.57718676999095
audio_690.wav,4.0,3.400685073172708
audio_525.wav,4.5,4.045188914985292
audio_31.wav,3.0,3.203141937366886
audio_676.wav,4.0,3.9159906244533924
audio_263.wav,4.0,3.721352627723868
audio_510.wav,3.0,3.4679248509532776
audio_577.wav,4.0,3.472856169034845
audio_230.wav,4.5,4.704695963918045
audio_314.wav,3.5,3.5910027218226706
audio_641.wav,4.0,3.344353382692571
audio_689.wav,4.0,3.7810820628013433
audio_352.wav,4.5,4.040665916517651
audio_193.wav,4.0,3.965994415111
audio_300.wav,5.0,5.0
audio_581.wav,1.5,2.0071929104496995
audio_164.wav,2.5,2.0444592247098248
audio_502.wav,3.0,2.5492630786079395
audio_380.wav,4.0,3.7875627138359564
audio_15.wav,2.0,3.3343214096666465
audio_238.wav,4.0,2.0496117741325004
audio_53.wav,3.0,3.3146911787492717
audio_283.wav,4.0,4.419614075130123
audio_614.wav,4.5,4.693898832017919
audio_121.wav,2.5,3.3943068679316317
audio_216.wav,4.0,4.060625057258619
audio_552.wav,2.0,3.178350485828909
audio_514.wav,2.5,2.513661361643419
audio_593.wav,5.0,4.479137484774265
audio_565.wav,3.0,2.4339364636880862
audio_140.wav,3.0,3.0782614361526965
audio_117.wav,2.5,2.4474336001598944
audio_495.wav,4.0,3.3088017572036197
audio_652.wav,3.0,3.7725947538024323
audio_645.wav,3.0,3.0349721870642945
audio_242.wav,2.0,2.619413715844383
audio_4.wav,2.5,3.312651493040516
audio_93.wav,2.0,2.856986872817118
audio_582.wav,2.0,1.8425654143547874
audio_222.wav,5.0,4.932031240681095
audio_253.wav,3.5,3.102856375957612
audio_167.wav,3.0,3.09450415896032
audio_583.wav,3.0,2.8297964538822566
audio_682.wav,5.0,4.4431368741693475
audio_173.wav,3.0,2.6234621715232556
audio_338.wav,5.0,5.0
audio_188.wav,5.0,4.965702611044026
audio_59.wav,3.0,2.986944644167005
audio_318.wav,5.0,4.474793206271833
audio_17.wav,2.0,2.9326773636653067
audio_551.wav,2.0,2.8727902229100173
audio_275.wav,4.0,3.6524118599810507
audio_368.wav,5.0,5.0
audio_730.wav,3.0,3.3622366694428423
audio_685.wav,3.0,3.1448831456979685
audio_7.wav,3.0,2.855908990922227
audio_204.wav,5.0,5.0
audio_127.wav,3.5,3.1802750210245216
audio_412.wav,2.0,2.1883472548272325
audio_132.wav,2.0,2.300588091490326
audio_156.wav,3.5,3.573897088703643
audio_426.wav,2.0,2.267464642236212
audio_709.wav,4.0,4.073939780710239
audio_291.wav,5.0,4.390814369021284
audio_523.wav,3.5,3.3048912270795054
audio_632.wav,4.5,3.567883077176606
audio_684.wav,3.0,3.2536766117878457
audio_512.wav,2.5,2.3769438508101466
audio_764.wav,5.0,4.925230177633072
audio_585.wav,3.0,2.6612476709753974
audio_562.wav,2.0,2.215086221239058
audio_465.wav,3.5,2.938324565401463
audio_37.wav,3.0,3.7121676765196323
audio_47.wav,3.0,3.469514147543579
audio_233.wav,3.0,3.2843045474846337
audio_621.wav,5.0,4.031047332333566
audio_590.wav,3.0,2.683375656224331
audio_349.wav,3.5,3.2660201419986272
audio_387.wav,5.0,4.211588186207713
audio_630.wav,3.5,3.26470833727415
audio_183.wav,3.0,3.442563509298399
audio_607.wav,4.0,3.417754608119122
audio_133.wav,3.0,2.661510468958931
audio_443.wav,3.0,2.710002068504971
audio_55.wav,2.0,3.2301215951195705
audio_686.wav,3.0,3.023949162298325
audio_740.wav,4.0,3.8380518232152054
audio_699.wav,2.5,3.0021227485718285
audio_44.wav,4.0,3.937932902194939
audio_500.wav,3.5,2.5094693407551016
audio_265.wav,2.5,2.912094949111722
audio_125.wav,2.0,2.1025865100895165
audio_413.wav,4.0,3.9442576579012183
audio_256.wav,4.5,3.686002552655114
audio_350.wav,4.5,3.826731939064411
audio_364.wav,5.0,5.0
audio_131.wav,2.5,2.00554115819394
audio_168.wav,3.5,2.8576197314705793
audio_557.wav,3.5,2.8027266070890207
audio_670.wav,3.0,3.4648121659898505
audio_342.wav,4.5,5.0
audio_2.wav,2.5,2.6826860232579226
audio_741.wav,4.0,3.1415076460277622
audio_294.wav,4.0,3.8224100887044643
audio_370.wav,5.0,4.56956916269061
audio_417.wav,3.5,2.93261473114216
audio_753.wav,4.0,3.767814242536618
audio_533.wav,3.0,3.34068620443191
audio_239.wav,4.5,4.53841808968216
audio_566.wav,3.0,2.516673286294043
audio_736.wav,4.0,3.6807668435058036
audio_541.wav,2.0,2.2542388240910642
audio_531.wav,3.5,2.7942756008981298
audio_280.wav,5.0,4.8652576096308895
audio_33.wav,4.0,4.277805675906137
audio_307.wav,5.0,4.984070358811523
audio_617.wav,4.5,3.752207633696921
audio_613.wav,5.0,4.710203451347052
audio_472.wav,2.5,2.423700906419428
audio_568.wav,3.0,1.8676541839212546
audio_521.wav,4.0,3.8151253891340975
audio_401.wav,5.0,4.058416729917353
audio_573.wav,2.5,2.2048986027662236
audio_180.wav,3.0,3.4110550418664873
audio_320.wav,3.5,3.9516945487403037
audio_85.wav,3.0,3.504963285868376
audio_296.wav,2.0,2.213483925652774
audio_250.wav,3.0,3.1607050514755675
audio_346.wav,5.0,4.925631586409831
audio_335.wav,4.0,3.696993858951343
audio_20.wav,2.0,2.141965594203446
audio_558.wav,4.0,3.730430961453858
audio_289.wav,2.5,2.3068352843918722
audio_620.wav,5.0,5.0
audio_665.wav,3.0,3.0436586680679745
audio_751.wav,4.0,3.8950711209135296
audio_442.wav,2.0,1.9862462385460127
audio_362.wav,5.0,5.0
audio_311.wav,3.5,3.6707956894575746
audio_724.wav,5.0,4.965757409357005
audio_39.wav,3.0,3.1795362376028136
audio_290.wav,2.0,2.9984188485286967
audio_23.wav,2.5,2.9806206373273825
audio_624.wav,3.0,3.4029146966466346
audio_206.wav,5.0,4.633646402123742
audio_288.wav,4.5,4.154501075365123
audio_60.wav,3.0,2.9562040439347763
audio_80.wav,2.0,2.5190259699022812
audio_214.wav,4.0,4.257129361044298
audio_599.wav,2.0,2.556894791484992
audio_207.wav,4.0,3.8695103916571476
audio_438.wav,3.0,2.5040868924485955
audio_332.wav,5.0,4.982866590433824
audio_159.wav,5.0,3.3987929288324024
audio_478.wav,2.0,2.5067240338442804
audio_46.wav,3.0,3.748018468155947
audio_130.wav,3.0,2.852044351529008
audio_437.wav,2.5,2.7025217023784114
audio_771.wav,5.0,4.493874597530093
audio_759.wav,4.0,4.109351978614354
audio_25.wav,3.0,3.312675829175828
audio_191.wav,3.0,3.0217069143995774
audio_182.wav,3.0,2.591031707519045
audio_236.wav,3.0,3.097646337900341
audio_24.wav,3.0,2.0698082191294014
audio_428.wav,3.0,2.902524937745366
audio_678.wav,5.0,5.0
audio_591.wav,2.0,2.4584600199136544
audio_597.wav,2.0,2.886383843590978
audio_580.wav,1.5,2.144094966947643
audio_19.wav,3.0,3.4453300239398352
audio_476.wav,2.0,2.7128400231144627
audio_375.wav,3.5,3.297331208950589
audio_642.wav,3.0,2.8108273210067067
audio_66.wav,2.0,2.8787676752118503
audio_186.wav,5.0,5.0
audio_713.wav,4.0,4.170657095314391
audio_354.wav,3.5,3.797831486950526
audio_768.wav,5.0,4.810320754299587
audio_14.wav,3.5,3.464646955689989
audio_208.wav,4.0,4.034866146261248
audio_418.wav,2.5,3.130286169163322
audio_212.wav,5.0,5.0
audio_177.wav,2.0,3.4742726755408184
audio_503.wav,2.5,2.412350675148245
audio_564.wav,2.0,2.0351388571829068
audio_257.wav,4.5,4.2595871469122875
audio_408.wav,4.0,3.770465004702829
audio_468.wav,2.5,2.5092921985212886
audio_574.wav,2.5,3.01260561334182
audio_26.wav,4.0,3.7371322685637445
audio_480.wav,3.0,2.484190092131846
audio_706.wav,3.0,3.3354413524157738
audio_57.wav,2.5,3.07378981467817
audio_209.wav,5.0,4.724185617971269
audio_712.wav,4.0,4.3222107656107465
audio_353.wav,3.0,2.8126252315820883
audio_575.wav,2.0,2.981455120284448
audio_383.wav,3.5,4.144298103591444
audio_781.wav,5.0,4.812554820654735
audio_118.wav,4.5,3.2975696636011125
audio_337.wav,5.0,5.0
audio_715.wav,3.0,4.382844839413306
audio_323.wav,3.5,3.3694033080961647
audio_374.wav,4.0,4.115309995933541
audio_348.wav,3.5,3.5452360827992013
audio_547.wav,3.0,2.7046099680692226
audio_41.wav,4.0,3.8991887023289618
audio_284.wav,4.5,4.481880917489075
audio_13.wav,3.0,3.4801464731246625
audio_548.wav,3.5,3.5776804195209353
audio_687.wav,4.5,4.546971571860469
audio_104.wav,2.5,2.56761948520359
audio_181.wav,3.0,3.4557793311420384
audio_755.wav,4.0,4.605754316089881
audio_733.wav,5.0,3.7689860596379514
audio_776.wav,4.5,4.5373356783921786
audio_70.wav,2.0,2.620291139026941
audio_49.wav,3.0,2.824163802820975
audio_527.wav,5.0,3.8345211523525506
audio_273.wav,3.5,3.276313345398778
audio_139.wav,4.0,4.043437162746102
audio_467.wav,3.0,2.812450215100482
audio_407.wav,4.5,3.910712643918874
audio_404.wav,4.5,4.401226920379171
audio_534.wav,3.0,3.1731493174789764
audio_96.wav,3.0,3.245854171468915
audio_137.wav,2.5,2.48836203409346
audio_150.wav,2.5,2.4795613366526426
audio_339.wav,5.0,5.0
audio_409.wav,5.0,4.923167038873043
audio_78.wav,2.0,2.9307061299953268
audio_244.wav,3.5,3.4606920892426034
audio_752.wav,4.0,4.122765125517585
audio_508.wav,3.0,3.204516980066943
audio_664.wav,2.5,3.3383999858162685
audio_701.wav,2.5,3.124628888207736
audio_734.wav,4.5,3.4132854332179883
audio_51.wav,3.0,2.9945216824262917
audio_704.wav,2.0,2.8646623685477395
audio_129.wav,3.5,3.459673412875155
audio_107.wav,4.0,3.1649363174523484
audio_143.wav,5.0,4.3018032065909
audio_458.wav,3.0,4.438816035306122
audio_424.wav,3.0,2.7584236189098057
audio_563.wav,2.0,2.2823176607148783
audio_625.wav,2.5,2.9508699454739884
audio_302.wav,5.0,3.798235904584164
audio_154.wav,3.0,3.158400131947335
audio_754.wav,4.0,3.932716313194738
audio_749.wav,3.0,2.695925510615588
audio_366.wav,5.0,5.0
audio_693.wav,3.0,3.6893295468665976
audio_608.wav,5.0,4.685699607129875
audio_220.wav,4.0,4.473264356091603
audio_761.wav,4.0,3.812802189484503
audio_640.wav,3.0,3.645135079709945
audio_67.wav,4.0,2.885515700465878
audio_299.wav,4.0,3.9058509315937995
audio_102.wav,2.0,3.1138763482808667
audio_258.wav,3.5,3.611840652365611
audio_679.wav,4.5,5.0
audio_82.wav,4.0,3.9670407977410127
audio_325.wav,5.0,4.973317017202138
audio_399.wav,3.0,2.7308306088319294
audio_285.wav,4.0,4.253854472274986
audio_784.wav,4.5,4.56362468356757
audio_0.wav,3.0,2.604687547956707
audio_435.wav,3.5,3.2415669535245706
audio_91.wav,5.0,3.4985244996032296
audio_109.wav,2.0,2.0939583868410336
audio_772.wav,3.0,3.1952086726929676
audio_270.wav,3.5,3.2601343870770254
audio_528.wav,2.5,2.86219886141198
audio_441.wav,2.0,2.040157618523748
audio_381.wav,5.0,4.61015891750663
audio_86.wav,2.0,2.5376813709295067
audio_101.wav,4.0,3.186736804519126
audio_333.wav,4.5,3.6025510168251365
audio_149.wav,2.5,2.247665167570847
audio_719.wav,3.0,3.5032784446505483
audio_638.wav,3.0,3.4699646592639786
audio_147.wav,3.0,3.290565969536166
audio_62.wav,4.0,3.5927398316352885
audio_763.wav,5.0,4.982931165070141
audio_498.wav,2.0,2.3687505551898766
audio_1.wav,3.5,3.133236369995321
audio_304.wav,5.0,5.0
audio_347.wav,5.0,4.295631006993702
audio_560.wav,4.0,3.585107259760967
audio_452.wav,3.5,2.521445747059099
audio_716.wav,4.5,4.0936917232922285
audio_473.wav,2.0,2.3633489951431637
audio_95.wav,4.0,4.142992646754315
audio_732.wav,4.0,3.9331670188507895
audio_292.wav,5.0,5.0
audio_469.wav,2.5,2.5015158786890392
audio_329.wav,2.0,2.5399362803529364
audio_169.wav,2.0,2.8986674068834493
audio_174.wav,2.5,2.9169364916212
audio_513.wav,2.5,2.7948437306607747
audio_584.wav,3.0,2.823294528365783
audio_345.wav,5.0,5.0
audio_750.wav,4.0,3.9316424793349753
audio_116.wav,3.0,3.2590948901226717
audio_114.wav,2.5,2.6134475785260394
audio_157.wav,3.0,2.9103729923398074
audio_385.wav,4.5,4.6991865303293086
audio_264.wav,2.5,2.8904590366102028
audio_390.wav,5.0,5.0
audio_766.wav,4.5,3.62396625319151
audio_571.wav,2.0,2.2305206869658076
audio_393.wav,4.5,4.586067501843875
audio_691.wav,4.0,4.239958014532819
