filename,label
audio_128.wav,3.123091375563135
audio_156.wav,4.15578143541232
audio_19.wav,4.388880358808181
audio_108.wav,2.1443345094598314
audio_206.wav,1.9143639531709256
audio_161.wav,2.501753135141451
audio_215.wav,2.6935725535054833
audio_213.wav,2.554281224227632
audio_11.wav,3.7472702033667034
audio_155.wav,3.237825179361522
audio_39.wav,3.1470839602063276
audio_168.wav,2.316270407774771
audio_133.wav,2.3427927740442267
audio_28.wav,2.7724596535120822
audio_40.wav,3.0483080890148067
audio_181.wav,2.6416816577744395
audio_201.wav,2.957288990204931
audio_182.wav,3.09781449110503
audio_126.wav,2.301582951234824
audio_10.wav,2.4696310606760963
audio_134.wav,2.365311072832679
audio_69.wav,4.836559959630999
audio_112.wav,3.513747352914634
audio_180.wav,2.2579274994126477
audio_177.wav,2.8617231012968927
audio_77.wav,5.0
audio_111.wav,2.844053206842076
audio_18.wav,3.8873486732690314
audio_175.wav,4.634704806324003
audio_33.wav,3.273448301237863
audio_15.wav,2.4345022175752895
audio_4.wav,3.4204843967422853
audio_27.wav,2.871552574526934
audio_96.wav,3.118368154023815
audio_116.wav,3.058262898452247
audio_1.wav,2.2299405350862243
audio_22.wav,3.9628509492867785
audio_114.wav,1.9732570871103203
audio_146.wav,3.161862757988512
audio_46.wav,4.8060345790972825
audio_144.wav,2.7965419231839572
audio_75.wav,4.8229021864766874
audio_200.wav,2.5603275992891863
audio_196.wav,1.6495706874756035
audio_190.wav,3.426669923667732
audio_158.wav,3.1213685823638557
audio_17.wav,1.2194790131888302
audio_105.wav,4.15761546165941
audio_141.wav,3.6159259559952877
audio_129.wav,3.7274362554925475
audio_6.wav,3.450154466887536
audio_70.wav,5.0
audio_35.wav,3.205746716400911
audio_203.wav,3.7512173520633456
audio_90.wav,3.575480604822813
audio_16.wav,3.27138345349265
audio_138.wav,3.1792774977642564
audio_100.wav,3.2948332313185293
audio_115.wav,2.6520169076981386
audio_118.wav,4.011420695693994
audio_137.wav,3.513556182969085
audio_101.wav,2.978451934874325
audio_193.wav,2.4855396641099587
audio_102.wav,3.4582571774149815
audio_52.wav,2.7048736696205755
audio_172.wav,2.3959923488768182
audio_191.wav,3.597899531261081
audio_194.wav,2.423399822609527
audio_67.wav,3.2139133541225067
audio_160.wav,2.546868040684278
audio_179.wav,1.8183486123214343
audio_55.wav,2.793106676490665
audio_145.wav,3.403179503280247
audio_197.wav,2.7770697197431966
audio_139.wav,3.100557099069853
audio_91.wav,3.6768841255204867
audio_8.wav,2.49887689471143
audio_136.wav,3.61780997112839
audio_199.wav,2.1129456760274383
audio_110.wav,3.3560345574872206
audio_208.wav,2.9965619915701933
audio_152.wav,4.482393172425153
audio_94.wav,3.3293442583586623
audio_174.wav,3.5044652781457013
audio_23.wav,4.056202170554993
audio_56.wav,2.299089460048628
audio_97.wav,3.15005766230967
audio_148.wav,3.504803479646132
audio_59.wav,2.82287691254556
audio_5.wav,2.448723554957088
audio_119.wav,3.9615152959743627
audio_80.wav,3.0622018287178636
audio_58.wav,2.242011498455659
audio_123.wav,3.3829769771201272
audio_188.wav,2.9077251718615846
audio_121.wav,2.4757439275214863
audio_107.wav,2.4931559771459106
audio_214.wav,3.1515165526788795
audio_73.wav,5.0
audio_169.wav,3.1238684513265933
audio_7.wav,2.9680161855694824
audio_42.wav,3.3237829651314383
audio_88.wav,4.7036446862750845
audio_64.wav,1.9811734936574215
audio_195.wav,2.010011323343951
audio_57.wav,2.185006029349861
audio_13.wav,3.1380008534818153
audio_125.wav,3.612624266317821
audio_209.wav,3.0458646799187843
audio_211.wav,2.658963366869178
audio_63.wav,2.3495314035241064
audio_86.wav,4.677565608023289
audio_78.wav,4.422929035177339
audio_38.wav,3.428641928536652
audio_186.wav,2.5039669266526117
audio_154.wav,3.5601333778482678
audio_21.wav,2.2550401030808738
audio_120.wav,2.402681281728501
audio_183.wav,2.872795229876191
audio_25.wav,3.3548847963311053
audio_122.wav,2.6865346196210442
audio_36.wav,3.471963804736054
audio_76.wav,5.0
audio_163.wav,2.639687393965259
audio_83.wav,4.697553538181338
audio_103.wav,2.4759305916248104
audio_93.wav,3.3497042692125922
audio_26.wav,3.3475610086301812
audio_72.wav,4.910694580145885
audio_210.wav,2.205133080202308
audio_104.wav,2.0572584651518815
audio_81.wav,2.8526385569386536
audio_166.wav,2.812201447759954
audio_202.wav,2.836215798328811
audio_185.wav,2.976469716552255
audio_9.wav,1.674702627160422
audio_207.wav,2.070797043604558
audio_127.wav,3.372950117952095
audio_12.wav,2.773890460210737
audio_132.wav,2.716145182090824
audio_109.wav,2.1028435939554386
audio_32.wav,3.016136019974611
audio_178.wav,3.395994231025839
audio_61.wav,2.5732710722238727
audio_34.wav,3.680883303404423
audio_106.wav,2.4838212306199288
audio_49.wav,4.8306356636813135
audio_149.wav,3.710195860105541
audio_30.wav,3.890323271686059
audio_131.wav,2.8087627701948112
audio_162.wav,1.5858005573759004
audio_204.wav,3.182576032999083
audio_198.wav,3.233186612458309
audio_135.wav,3.4695802863534846
audio_187.wav,2.8938612571621407
audio_3.wav,3.0852178386791653
audio_98.wav,3.8545884953577847
audio_159.wav,2.764935012128576
audio_167.wav,2.4091410189682465
audio_205.wav,2.6278642613410303
audio_95.wav,3.814046322901804
audio_68.wav,5.0
audio_31.wav,4.260856301378275
audio_157.wav,2.787894529903806
audio_89.wav,4.5245953920462005
audio_82.wav,4.905264605094322
audio_53.wav,3.0016003191490115
audio_37.wav,4.4099311547822335
audio_113.wav,2.61096817893441
audio_85.wav,5.0
audio_173.wav,4.0119256905805525
audio_41.wav,4.650493244439332
audio_51.wav,2.6623632854716517
audio_143.wav,3.5358574534748133
audio_92.wav,4.3345032895485005
audio_74.wav,4.994077372458822
audio_0.wav,3.0542461376995935
audio_147.wav,3.551938897453133
audio_130.wav,2.06942380114359
audio_192.wav,2.7943597308525714
audio_43.wav,5.0
audio_65.wav,2.248369056619578
audio_14.wav,3.8716727961049817
audio_117.wav,3.525876424889853
audio_212.wav,1.7420925782564118
audio_79.wav,3.1268735319187333
audio_171.wav,2.7046281808516173
audio_60.wav,2.181513439777386
audio_153.wav,3.825684088574995
audio_176.wav,3.2725523177470186
audio_2.wav,3.393050219971763
audio_50.wav,4.824154459896253
audio_29.wav,3.616555012889918
audio_142.wav,4.2629204003386665
audio_47.wav,3.466233228497456
audio_84.wav,4.621890969074984
audio_164.wav,2.241488380073382
audio_48.wav,4.581457699464046
audio_189.wav,2.350477391014168
audio_151.wav,3.464603039821854
audio_66.wav,2.948759677458089
audio_44.wav,3.0588255675186606
audio_150.wav,3.611536343446926
audio_87.wav,4.574656984702246
audio_99.wav,3.800982098179625
audio_62.wav,3.2602146141759407
audio_20.wav,2.4317041945480935
audio_124.wav,2.577328135094294
audio_54.wav,2.370025714800958
audio_45.wav,4.9515086291500605
audio_71.wav,5.0
audio_184.wav,1.9731767693407083
audio_24.wav,2.3824544857894057
audio_140.wav,3.5896177651556616
audio_165.wav,2.4752027549442825
audio_170.wav,2.55791320339367
